Workbook

Sheet README
A1: Project 1 — UAE Last-Mile Delivery Performance (Simulated Data)
A2: Excel partner-switch scenario model
A4: Data note | B4: The operational shipment dataset is simulated and was created for portfolio purposes. It is not company data and is not affiliated with Aramex. Delivery-partner names are fictional.
A5: Business question | B5: Which routes and delivery partners cause late deliveries, and what would it cost to fix them by moving volume to a different partner?
A6: Source of numbers | B6: Partner_Data holds aggregated results from the current SQL clean view (8,920 raw rows; 118 exact duplicates removed; 8,802 clean rows). Every other number in this workbook is formula-driven from Partner_Data and Inputs.
A7: How to use | B7: 1) Change the blue cells on Inputs (route, current partner, alternative partner, % moved, cost adjustment, threshold). 2) Read Model. 3) Scenarios contains a live 0–100% sensitivity and ±10% cost sensitivity. 4) Route_Screener compares partner switches by emirate. 5) Decision updates automatically. For interviews, use the 0–100% scenario table and Goal Seek instructions documented in this workbook.
A8: On-time definition | B8: On-time delivery % = on-time delivered ÷ delivered shipments with a valid delivery date. Returned/lost shipments and records without a valid delivery date are excluded from the denominator.
A9: Cost definition | B9: Time period: 2025 (12 months). Annual cost changes refer to the full 2025 analysis period; monthly cost change divides by 12.
A10: Model logic | B10: Important: this is a scenario model, not causal evidence. It assumes the alternative partner maintains its observed route-level on-time rate and cost when it receives additional volume.
A11: Key assumption | B11: Maximum acceptable cost per extra on-time delivery (Inputs) stands in for the cost of a late delivery (customer contact, re-attempt, goodwill credit). It is an assumption, not a measured figure. Replace it with a real number if available.
A12: Goal Seek check | B12: Model shows the % moved needed to reach the target by formula. To demonstrate Goal Seek: Data → What-If Analysis → Goal Seek; Set cell = Model route on-time after switch; To value = 0.9; By changing = Inputs % moved.
A13: Data Table option | B13: Scenarios uses formulas so it recalculates everywhere. To show an Excel What-If Data Table as well: list 0%–100% in a column, put =Model route on-time after switch in the cell above-right, select the range, Data → What-If Analysis → Data Table, Column input cell = Inputs % moved.
A14: Limitations | B14: Rates come from observed simulated data, so results show association, not causation. The alternative partner is assumed to keep its current on-time rate and price when it takes on extra volume. Small samples (below the Inputs threshold) are flagged.
A15: Colour legend | B15: Blue text = input you can change · Yellow fill = key assumption · Green text = link from another sheet · Black = formula · Green fill = key output.

Sheet Inputs
A1: Inputs — change the blue cells
A2: All results update automatically.
A4: Input | B4: Value | C4: Notes
A5: Route (destination emirate) | B5: Ras Al Khaimah | C5: Choose one emirate or 'All emirates'.
A6: Current delivery partner | B6: C03 | C6: Partner whose volume is moved.
A7: Alternative delivery partner | B7: C02 | C7: Partner that takes the volume. Use Route_Screener to pick it.
A8: % of current partner's route volume moved | B8: 1 | C8: 0% to 100%.
A9: Alternative partner cost adjustment | B9: 0 | C9: Price change the alternative partner may charge for extra volume (e.g. +10%). Tested at ±10% on Scenarios.
A10: Target on-time % | B10: 0.9 | C10: Operational target from the blueprint.
A11: Max acceptable cost per extra on-time delivery (AED) | B11: 40 | C11: ASSUMPTION: proxy for the cost of one late delivery (customer contact, re-attempt, goodwill credit). Replace with a real figure if available.
A12: Months in data | B12: 12 | C12: Dataset covers Jan–Dec 2025.
A13: Minimum delivered shipments for a reliable rate | B13: 50 | C13: Rates based on fewer delivered shipments are flagged as small samples.
A16: Selected partners
A17: Current partner name | B17: =IFERROR(INDEX(Lists!$C$4:$C$8,MATCH(Inputs!$B$6,Lists!$B$4:$B$8,0)),"") -> CityHop Riders
A18: Alternative partner name | B18: =IFERROR(INDEX(Lists!$C$4:$C$8,MATCH(Inputs!$B$7,Lists!$B$4:$B$8,0)),"") -> DesertLink Express
A19: Check | B19: =IF(Inputs!$B$6=Inputs!$B$7,"Choose two different partners","OK") -> OK
A21: Legend: blue = input · yellow = key assumption · black = formula · green text = link from another sheet

Sheet Model
A1: Model — partner-switch calculation
A2: All cells are formulas. Change inputs on the Inputs sheet.
A4: Scenario inputs (linked)
A5: Route | B5: =Inputs!$B$5 -> Ras Al Khaimah
A6: Current partner | B6: =Inputs!$B$6 -> C03
A7: Alternative partner | B7: =Inputs!$B$7 -> C02
A8: % moved | B8: =Inputs!$B$8 -> 1
A9: Alternative cost adjustment | B9: =Inputs!$B$9 -> 0
A11: Current partner on this route
A12: Shipments | B12: =SUMIFS(Partner_Data!$D:$D,Partner_Data!$A:$A,$B$6,Partner_Data!$C:$C,$B$5) -> 147
A13: Delivered (valid date) | B13: =SUMIFS(Partner_Data!$E:$E,Partner_Data!$A:$A,$B$6,Partner_Data!$C:$C,$B$5) -> 140
A14: On-time delivered | B14: =SUMIFS(Partner_Data!$F:$F,Partner_Data!$A:$A,$B$6,Partner_Data!$C:$C,$B$5) -> 97
A15: On-time % | B15: =IFERROR($B$14/$B$13,0) -> 0.69285714
A16: Cost per shipment (AED) | B16: =IFERROR(SUMIFS(Partner_Data!$L:$L,Partner_Data!$A:$A,$B$6,Partner_Data!$C:$C,$B$5)/SUMIFS(Partner_Data!$K:$K,Partner_Data!$A:$A,$B$6,Partner_Data!$C:$C,$B$5),0) -> 24.226259
A18: Alternative partner on this route
A19: Shipments | B19: =SUMIFS(Partner_Data!$D:$D,Partner_Data!$A:$A,$B$7,Partner_Data!$C:$C,$B$5) -> 126
A20: Delivered (valid date) | B20: =SUMIFS(Partner_Data!$E:$E,Partner_Data!$A:$A,$B$7,Partner_Data!$C:$C,$B$5) -> 123
A21: On-time delivered | B21: =SUMIFS(Partner_Data!$F:$F,Partner_Data!$A:$A,$B$7,Partner_Data!$C:$C,$B$5) -> 108
A22: On-time % | B22: =IFERROR($B$21/$B$20,0) -> 0.87804878
A23: Cost per shipment before adjustment (AED) | B23: =IFERROR(SUMIFS(Partner_Data!$L:$L,Partner_Data!$A:$A,$B$7,Partner_Data!$C:$C,$B$5)/SUMIFS(Partner_Data!$K:$K,Partner_Data!$A:$A,$B$7,Partner_Data!$C:$C,$B$5),0) -> 29.190161
A24: Cost per shipment after adjustment (AED) | B24: =$B$23*(1+$B$9) -> 29.190161
A25: Sample check | B25: =IF(OR($B$20<Inputs!$B$13,$B$13<Inputs!$B$13),"Small sample: treat with caution","OK") -> OK | C25: Flags rates based on fewer delivered shipments than the Inputs minimum.
A27: Route and company baseline
A28: Route delivered (all partners) | B28: =SUMIFS(Partner_Data!$E:$E,Partner_Data!$C:$C,$B$5) -> 500
A29: Route on-time delivered | B29: =SUMIFS(Partner_Data!$F:$F,Partner_Data!$C:$C,$B$5) -> 410
A30: Route on-time % | B30: =IFERROR($B$29/$B$28,0) -> 0.82
A31: Company delivered (all routes) | B31: =SUMIFS(Partner_Data!$E:$E,Partner_Data!$C:$C,"All emirates") -> 8488
A32: Company on-time delivered | B32: =SUMIFS(Partner_Data!$F:$F,Partner_Data!$C:$C,"All emirates") -> 7248
A33: Company on-time % | B33: =IFERROR($B$32/$B$31,0) -> 0.8539114
A35: Scenario results (full year 2025)
A36: Shipments moved | B36: =$B$12*$B$8 -> 147
A37: Delivered shipments moved | B37: =$B$13*$B$8 -> 140
A38: On-time gap: alternative − current | B38: =$B$22-$B$15 -> 0.18519164
A39: Extra on-time deliveries per year | B39: =$B$37*$B$38 -> 25.926829
A40: Route on-time % after switch | B40: =IFERROR(($B$29+$B$39)/$B$28,0) -> 0.87185366
A41: Route change (percentage points) | B41: =($B$40-$B$30)*100 -> 5.1853659
A42: Company on-time % after switch | B42: =IFERROR(($B$32+$B$39)/$B$31,0) -> 0.85696593
A43: Company change (percentage points) | B43: =($B$42-$B$33)*100 -> 0.30545275
A44: Cost change per moved shipment (AED) | B44: =$B$24-$B$16 -> 4.9639028
A45: Annual cost change (AED) | B45: =$B$36*$B$44 -> 729.69371
A46: Monthly cost change (AED) | B46: =$B$45/Inputs!$B$12 -> 60.807809
A47: Cost per extra on-time delivery (AED) | B47: =IF($B$39>0,$B$45/$B$39,"n/a") -> 28.144348 | C47: Negative = the switch saves money while improving reliability.
A48: Decision rule result | B48: =IF(Inputs!$B$6=Inputs!$B$7,"Choose two different partners",IF($B$39<=0,"Do not switch: no reliability gain",IF($B$45<=0,"Proceed: improves reliability and saves cost",IF($B$47<=Inputs!$B$11,"Proceed: cost per extra on-time delivery is within threshold","Do not proceed: cost per extra on-time delivery exceeds threshold")))) -> Proceed: cost per extra on-time delivery is within threshold
A50: Target check (Goal Seek equivalent)
A51: Target on-time % | B51: =Inputs!$B$10 -> 0.9
A52: Route on-time % if 100% moved | B52: =IFERROR(($B$29+$B$13*$B$38)/$B$28,0) -> 0.87185366
A53: % moved needed to reach target on this route | B53: =IF($B$30>=$B$51,"Already at target",IF($B$38<=0,"Not achievable: no gain",IF(($B$51*$B$28-$B$29)/($B$13*$B$38)>1,"Not achievable with this switch alone",($B$51*$B$28-$B$29)/($B$13*$B$38)))) -> Not achievable with this switch alone | C53: Same answer Goal Seek gives: set route on-time after switch = target by changing Inputs % moved.

Sheet Scenarios
A1: Scenarios — live formula-driven sensitivity (0–100% moved)
A3: ="Route: "&Model!$B$5&" · "&Model!$B$6&" → "&Model!$B$7 -> Route: Ras Al Khaimah · C03 → C02
A5: % moved | B5: Route on-time % | C5: Company on-time % | D5: Extra on-time / yr | E5: Annual cost change (AED) | F5: Monthly cost change (AED) | G5: Cost per extra on-time (AED)
A6: 0 | B6: =IFERROR((Model!$B$29+Model!$B$13*A6*Model!$B$38)/Model!$B$28,0) -> 0.82 | C6: =IFERROR((Model!$B$32+Model!$B$13*A6*Model!$B$38)/Model!$B$31,0) -> 0.8539114 | D6: =Model!$B$13*A6*Model!$B$38 -> 0 | E6: =Model!$B$12*A6*Model!$B$44 -> 0 | F6: =Model!$B$12*A6*Model!$B$44/Inputs!$B$12 -> 0 | G6: =IF(D6>0,E6/D6,"n/a") -> n/a
A7: 0.1 | B7: =IFERROR((Model!$B$29+Model!$B$13*A7*Model!$B$38)/Model!$B$28,0) -> 0.82518537 | C7: =IFERROR((Model!$B$32+Model!$B$13*A7*Model!$B$38)/Model!$B$31,0) -> 0.85421686 | D7: =Model!$B$13*A7*Model!$B$38 -> 2.5926829 | E7: =Model!$B$12*A7*Model!$B$44 -> 72.969371 | F7: =Model!$B$12*A7*Model!$B$44/Inputs!$B$12 -> 6.0807809 | G7: =IF(D7>0,E7/D7,"n/a") -> 28.144348
A8: 0.2 | B8: =IFERROR((Model!$B$29+Model!$B$13*A8*Model!$B$38)/Model!$B$28,0) -> 0.83037073 | C8: =IFERROR((Model!$B$32+Model!$B$13*A8*Model!$B$38)/Model!$B$31,0) -> 0.85452231 | D8: =Model!$B$13*A8*Model!$B$38 -> 5.1853659 | E8: =Model!$B$12*A8*Model!$B$44 -> 145.93874 | F8: =Model!$B$12*A8*Model!$B$44/Inputs!$B$12 -> 12.161562 | G8: =IF(D8>0,E8/D8,"n/a") -> 28.144348
A9: 0.3 | B9: =IFERROR((Model!$B$29+Model!$B$13*A9*Model!$B$38)/Model!$B$28,0) -> 0.8355561 | C9: =IFERROR((Model!$B$32+Model!$B$13*A9*Model!$B$38)/Model!$B$31,0) -> 0.85482776 | D9: =Model!$B$13*A9*Model!$B$38 -> 7.7780488 | E9: =Model!$B$12*A9*Model!$B$44 -> 218.90811 | F9: =Model!$B$12*A9*Model!$B$44/Inputs!$B$12 -> 18.242343 | G9: =IF(D9>0,E9/D9,"n/a") -> 28.144348
A10: 0.4 | B10: =IFERROR((Model!$B$29+Model!$B$13*A10*Model!$B$38)/Model!$B$28,0) -> 0.84074146 | C10: =IFERROR((Model!$B$32+Model!$B$13*A10*Model!$B$38)/Model!$B$31,0) -> 0.85513322 | D10: =Model!$B$13*A10*Model!$B$38 -> 10.370732 | E10: =Model!$B$12*A10*Model!$B$44 -> 291.87748 | F10: =Model!$B$12*A10*Model!$B$44/Inputs!$B$12 -> 24.323124 | G10: =IF(D10>0,E10/D10,"n/a") -> 28.144348
A11: 0.5 | B11: =IFERROR((Model!$B$29+Model!$B$13*A11*Model!$B$38)/Model!$B$28,0) -> 0.84592683 | C11: =IFERROR((Model!$B$32+Model!$B$13*A11*Model!$B$38)/Model!$B$31,0) -> 0.85543867 | D11: =Model!$B$13*A11*Model!$B$38 -> 12.963415 | E11: =Model!$B$12*A11*Model!$B$44 -> 364.84685 | F11: =Model!$B$12*A11*Model!$B$44/Inputs!$B$12 -> 30.403905 | G11: =IF(D11>0,E11/D11,"n/a") -> 28.144348
A12: 0.6 | B12: =IFERROR((Model!$B$29+Model!$B$13*A12*Model!$B$38)/Model!$B$28,0) -> 0.8511122 | C12: =IFERROR((Model!$B$32+Model!$B$13*A12*Model!$B$38)/Model!$B$31,0) -> 0.85574412 | D12: =Model!$B$13*A12*Model!$B$38 -> 15.556098 | E12: =Model!$B$12*A12*Model!$B$44 -> 437.81623 | F12: =Model!$B$12*A12*Model!$B$44/Inputs!$B$12 -> 36.484685 | G12: =IF(D12>0,E12/D12,"n/a") -> 28.144348
A13: 0.7 | B13: =IFERROR((Model!$B$29+Model!$B$13*A13*Model!$B$38)/Model!$B$28,0) -> 0.85629756 | C13: =IFERROR((Model!$B$32+Model!$B$13*A13*Model!$B$38)/Model!$B$31,0) -> 0.85604957 | D13: =Model!$B$13*A13*Model!$B$38 -> 18.14878 | E13: =Model!$B$12*A13*Model!$B$44 -> 510.7856 | F13: =Model!$B$12*A13*Model!$B$44/Inputs!$B$12 -> 42.565466 | G13: =IF(D13>0,E13/D13,"n/a") -> 28.144348
A14: 0.8 | B14: =IFERROR((Model!$B$29+Model!$B$13*A14*Model!$B$38)/Model!$B$28,0) -> 0.86148293 | C14: =IFERROR((Model!$B$32+Model!$B$13*A14*Model!$B$38)/Model!$B$31,0) -> 0.85635503 | D14: =Model!$B$13*A14*Model!$B$38 -> 20.741463 | E14: =Model!$B$12*A14*Model!$B$44 -> 583.75497 | F14: =Model!$B$12*A14*Model!$B$44/Inputs!$B$12 -> 48.646247 | G14: =IF(D14>0,E14/D14,"n/a") -> 28.144348
A15: 0.9 | B15: =IFERROR((Model!$B$29+Model!$B$13*A15*Model!$B$38)/Model!$B$28,0) -> 0.86666829 | C15: =IFERROR((Model!$B$32+Model!$B$13*A15*Model!$B$38)/Model!$B$31,0) -> 0.85666048 | D15: =Model!$B$13*A15*Model!$B$38 -> 23.334146 | E15: =Model!$B$12*A15*Model!$B$44 -> 656.72434 | F15: =Model!$B$12*A15*Model!$B$44/Inputs!$B$12 -> 54.727028 | G15: =IF(D15>0,E15/D15,"n/a") -> 28.144348
A16: 1 | B16: =IFERROR((Model!$B$29+Model!$B$13*A16*Model!$B$38)/Model!$B$28,0) -> 0.87185366 | C16: =IFERROR((Model!$B$32+Model!$B$13*A16*Model!$B$38)/Model!$B$31,0) -> 0.85696593 | D16: =Model!$B$13*A16*Model!$B$38 -> 25.926829 | E16: =Model!$B$12*A16*Model!$B$44 -> 729.69371 | F16: =Model!$B$12*A16*Model!$B$44/Inputs!$B$12 -> 60.807809 | G16: =IF(D16>0,E16/D16,"n/a") -> 28.144348
A18: Target on-time % | B18: =Inputs!$B$10 -> 0.9
A19: % moved needed / target check | B19: =Model!$B$53 -> Not achievable with this switch alone
A21: Sensitivity: alternative partner cost ±10% (at the selected % moved)
A22: Cost adjustment | B22: Alt cost / shipment (AED) | C22: Annual cost change (AED) | D22: Monthly cost change (AED) | E22: Cost per extra on-time (AED) | F22: Decision | G22: Holds vs base?
A23: -0.1 | B23: =Model!$B$23*(1+A23) -> 26.271145 | C23: =Model!$B$36*(B23-Model!$B$16) -> 300.59834 | D23: =C23/Inputs!$B$12 -> 25.049862 | E23: =IF(Model!$B$39>0,C23/Model!$B$39,"n/a") -> 11.594103 | F23: =IF(Model!$B$39<=0,"Do not switch",IF(C23<=0,"Proceed",IF(E23<=Inputs!$B$11,"Proceed","Do not proceed"))) -> Proceed | G23: =IF(F23=$F$24,"Yes","No") -> Yes
A24: 0 | B24: =Model!$B$23*(1+A24) -> 29.190161 | C24: =Model!$B$36*(B24-Model!$B$16) -> 729.69371 | D24: =C24/Inputs!$B$12 -> 60.807809 | E24: =IF(Model!$B$39>0,C24/Model!$B$39,"n/a") -> 28.144348 | F24: =IF(Model!$B$39<=0,"Do not switch",IF(C24<=0,"Proceed",IF(E24<=Inputs!$B$11,"Proceed","Do not proceed"))) -> Proceed | G24: =IF(F24=$F$24,"Yes","No") -> Yes
A25: 0.1 | B25: =Model!$B$23*(1+A25) -> 32.109177 | C25: =Model!$B$36*(B25-Model!$B$16) -> 1158.7891 | D25: =C25/Inputs!$B$12 -> 96.565757 | E25: =IF(Model!$B$39>0,C25/Model!$B$39,"n/a") -> 44.694593 | F25: =IF(Model!$B$39<=0,"Do not switch",IF(C25<=0,"Proceed",IF(E25<=Inputs!$B$11,"Proceed","Do not proceed"))) -> Do not proceed | G25: =IF(F25=$F$24,"Yes","No") -> No
A27: Conclusion | B27: =IF(COUNTIF(G23:G25,"Yes")=3,"The recommendation holds when the alternative partner's price changes by ±10%.","The recommendation changes within ±10% of the alternative partner's price: treat it as marginal.") -> The recommendation changes within ±10% of the alternative partner's price: treat it as marginal.
A29: Model note | B29: Rows 6–16 are live formulas covering 0%–100% volume moved. They are intentionally transparent and recalculate when Inputs change. For an interview demonstration, use Excel What-If Data Table/Goal Seek with the same input/output cells documented in README.
A31: Interview check | B31: Base case is set to 100% moved. Goal Seek should be used only as a target-check exercise; the model also shows the maximum achievable on-time rate.

Sheet Route_Screener
A1: Route_Screener — every possible switch for the current partner
A2: Cost per extra on-time delivery (AED) if the current partner's route volume moves to each alternative. Lower is better; negative = saves money. Uses the cost adjustment on Inputs.
A4: ="Current partner: "&Inputs!$B$6&" ("&Inputs!$B$17&")" -> Current partner: C03 (CityHop Riders)
A6: Route | B6: Current on-time % | C6: C01 | D6: C02 | E6: C03 | F6: C04 | G6: C05
A7: Abu Dhabi | B7: =IFERROR(SUMIFS(Partner_Data!$F:$F,Partner_Data!$A:$A,Inputs!$B$6,Partner_Data!$C:$C,$A7)/SUMIFS(Partner_Data!$E:$E,Partner_Data!$A:$A,Inputs!$B$6,Partner_Data!$C:$C,$A7),0) -> 0.79411765 | C7: =IF(Inputs!$B$6="C01","—",IF(IFERROR(SUMIFS(Partner_Data!$F:$F,Partner_Data!$A:$A,"C01",Partner_Data!$C:$C,$A7)/SUMIFS(Partner_Data!$E:$E,Partner_Data!$A:$A,"C01",Partner_Data!$C:$C,$A7),0)-$B7<=0,"No gain",IFERROR((IFERROR(SUMIFS(Partner_Data!$L:$L,Partner_Data!$A:$A,"C01",Partner_Data!$C:$C,$A7)/SUMIFS(Partner_Data!$K:$K,Partner_Data!$A:$A,"C01",Partner_Data!$C:$C,$A7),0)*(1+Inputs!$B$9)-IFERROR(SUMIFS(Partner_Data!$L:$L,Partner_Data!$A:$A,Inputs!$B$6,Partner_Data!$C:$C,$A7)/SUMIFS(Partner_Data!$K:$K,Partner_Data!$A:$A,Inputs!$B$6,Partner_Data!$C:$C,$A7),0))*SUMIFS(Partner_Data!$D:$D,Partner_Data!$A:$A,Inputs!$B$6,Partner_Data!$C:$C,$A7)/(SUMIFS(Partner_Data!$E:$E,Partner_Data!$A:$A,Inputs!$B$6,Partner_Data!$C:$C,$A7)*(IFERROR(SUMIFS(Partner_Data!$F:$F,Partner_Data!$A:$A,"C01",Partner_Data!$C:$C,$A7)/SUMIFS(Partner_Data!$E:$E,Partner_Data!$A:$A,"C01",Partner_Data!$C:$C,$A7),0)-$B7)),"n/a"))) -> 106.49588 | D7: =IF(Inputs!$B$6="C02","—",IF(IFERROR(SUMIFS(Partner_Data!$F:$F,Partner_Data!$A:$A,"C02",Partner_Data!$C:$C,$A7)/SUMIFS(Partner_Data!$E:$E,Partner_Data!$A:$A,"C02",Partner_Data!$C:$C,$A7),0)-$B7<=0,"No gain",IFERROR((IFERROR(SUMIFS(Partner_Data!$L:$L,Partner_Data!$A:$A,"C02",Partner_Data!$C:$C,$A7)/SUMIFS(Partner_Data!$K:$K,Partner_Data!$A:$A,"C02",Partner_Data!$C:$C,$A7),0)*(1+Inputs!$B$9)-IFERROR(SUMIFS(Partner_Data!$L:$L,Partner_Data!$A:$A,Inputs!$B$6,Partner_Data!$C:$C,$A7)/SUMIFS(Partner_Data!$K:$K,Partner_Data!$A:$A,Inputs!$B$6,Partner_Data!$C:$C,$A7),0))*SUMIFS(Partner_Data!$D:$D,Partner_Data!$A:$A,Inputs!$B$6,Partner_Data!$C:$C,$A7)/(SUMIFS(Partner_Data!$E:$E,Partner_Data!$A:$A,Inputs!$B$6,Partner_Data!$C:$C,$A7)*(IFERROR(SUMIFS(Partner_Data!$F:$F,Partner_Data!$A:$A,"C02",Partner_Data!$C:$C,$A7)/SUMIFS(Partner_Data!$E:$E,Partner_Data!$A:$A,"C02",Partner_Data!$C:$C,$A7),0)-$B7)),"n/a"))) -> 75.010689 | E7: =IF(Inputs!$B$6="C03","—",IF(IFERROR(SUMIFS(Partner_Data!$F:$F,Partner_Data!$A:$A,"C03",Partner_Data!$C:$C,$A7)/SUMIFS(Partner_Data!$E:$E,Partner_Data!$A:$A,"C03",Partner_Data!$C:$C,$A7),0)-$B7<=0,"No gain",IFERROR((IFERROR(SUMIFS(Partner_Data!$L:$L,Partner_Data!$A:$A,"C03",Partner_Data!$C:$C,$A7)/SUMIFS(Partner_Data!$K:$K,Partner_Data!$A:$A,"C03",Partner_Data!$C:$C,$A7),0)*(1+Inputs!$B$9)-IFERROR(SUMIFS(Partner_Data!$L:$L,Partner_Data!$A:$A,Inputs!$B$6,Partner_Data!$C:$C,$A7)/SUMIFS(Partner_Data!$K:$K,Partner_Data!$A:$A,Inputs!$B$6,Partner_Data!$C:$C,$A7),0))*SUMIFS(Partner_Data!$D:$D,Partner_Data!$A:$A,Inputs!$B$6,Partner_Data!$C:$C,$A7)/(SUMIFS(Partner_Data!$E:$E,Partner_Data!$A:$A,Inputs!$B$6,Partner_Data!$C:$C,$A7)*(IFERROR(SUMIFS(Partner_Data!$F:$F,Partner_Data!$A:$A,"C03",Partner_Data!$C:$C,$A7)/SUMIFS(Partner_Data!$E:$E,Partner_Data!$A:$A,"C03",Partner_Data!$C:$C,$A7),0)-$B7)),"n/a"))) -> — | F7: =IF(Inputs!$B$6="C04","—",IF(IFERROR(SUMIFS(Partner_Data!$F:$F,Partner_Data!$A:$A,"C04",Partner_Data!$C:$C,$A7)/SUMIFS(Partner_Data!$E:$E,Partner_Data!$A:$A,"C04",Partner_Data!$C:$C,$A7),0)-$B7<=0,"No gain",IFERROR((IFERROR(SUMIFS(Partner_Data!$L:$L,Partner_Data!$A:$A,"C04",Partner_Data!$C:$C,$A7)/SUMIFS(Partner_Data!$K:$K,Partner_Data!$A:$A,"C04",Partner_Data!$C:$C,$A7),0)*(1+Inputs!$B$9)-IFERROR(SUMIFS(Partner_Data!$L:$L,Partner_Data!$A:$A,Inputs!$B$6,Partner_Data!$C:$C,$A7)/SUMIFS(Partner_Data!$K:$K,Partner_Data!$A:$A,Inputs!$B$6,Partner_Data!$C:$C,$A7),0))*SUMIFS(Partner_Data!$D:$D,Partner_Data!$A:$A,Inputs!$B$6,Partner_Data!$C:$C,$A7)/(SUMIFS(Partner_Data!$E:$E,Partner_Data!$A:$A,Inputs!$B$6,Partner_Data!$C:$C,$A7)*(IFERROR(SUMIFS(Partner_Data!$F:$F,Partner_Data!$A:$A,"C04",Partner_Data!$C:$C,$A7)/SUMIFS(Partner_Data!$E:$E,Partner_Data!$A:$A,"C04",Partner_Data!$C:$C,$A7),0)-$B7)),"n/a"))) -> 67.327332 | G7: =IF(Inputs!$B$6="C05","—",IF(IFERROR(SUMIFS(Partner_Data!$F:$F,Partner_Data!$A:$A,"C05",Partner_Data!$C:$C,$A7)/SUMIFS(Partner_Data!$E:$E,Partner_Data!$A:$A,"C05",Partner_Data!$C:$C,$A7),0)-$B7<=0,"No gain",IFERROR((IFERROR(SUMIFS(Partner_Data!$L:$L,Partner_Data!$A:$A,"C05",Partner_Data!$C:$C,$A7)/SUMIFS(Partner_Data!$K:$K,Partner_Data!$A:$A,"C05",Partner_Data!$C:$C,$A7),0)*(1+Inputs!$B$9)-IFERROR(SUMIFS(Partner_Data!$L:$L,Partner_Data!$A:$A,Inputs!$B$6,Partner_Data!$C:$C,$A7)/SUMIFS(Partner_Data!$K:$K,Partner_Data!$A:$A,Inputs!$B$6,Partner_Data!$C:$C,$A7),0))*SUMIFS(Partner_Data!$D:$D,Partner_Data!$A:$A,Inputs!$B$6,Partner_Data!$C:$C,$A7)/(SUMIFS(Partner_Data!$E:$E,Partner_Data!$A:$A,Inputs!$B$6,Partner_Data!$C:$C,$A7)*(IFERROR(SUMIFS(Partner_Data!$F:$F,Partner_Data!$A:$A,"C05",Partner_Data!$C:$C,$A7)/SUMIFS(Partner_Data!$E:$E,Partner_Data!$A:$A,"C05",Partner_Data!$C:$C,$A7),0)-$B7)),"n/a"))) -> 90.982864
A8: Ajman | B8: =IFERROR(SUMIFS(Partner_Data!$F:$F,Partner_Data!$A:$A,Inputs!$B$6,Partner_Data!$C:$C,$A8)/SUMIFS(Partner_Data!$E:$E,Partner_Data!$A:$A,Inputs!$B$6,Partner_Data!$C:$C,$A8),0) -> 0.79289941 | C8: =IF(Inputs!$B$6="C01","—",IF(IFERROR(SUMIFS(Partner_Data!$F:$F,Partner_Data!$A:$A,"C01",Partner_Data!$C:$C,$A8)/SUMIFS(Partner_Data!$E:$E,Partner_Data!$A:$A,"C01",Partner_Data!$C:$C,$A8),0)-$B8<=0,"No gain",IFERROR((IFERROR(SUMIFS(Partner_Data!$L:$L,Partner_Data!$A:$A,"C01",Partner_Data!$C:$C,$A8)/SUMIFS(Partner_Data!$K:$K,Partner_Data!$A:$A,"C01",Partner_Data!$C:$C,$A8),0)*(1+Inputs!$B$9)-IFERROR(SUMIFS(Partner_Data!$L:$L,Partner_Data!$A:$A,Inputs!$B$6,Partner_Data!$C:$C,$A8)/SUMIFS(Partner_Data!$K:$K,Partner_Data!$A:$A,Inputs!$B$6,Partner_Data!$C:$C,$A8),0))*SUMIFS(Partner_Data!$D:$D,Partner_Data!$A:$A,Inputs!$B$6,Partner_Data!$C:$C,$A8)/(SUMIFS(Partner_Data!$E:$E,Partner_Data!$A:$A,Inputs!$B$6,Partner_Data!$C:$C,$A8)*(IFERROR(SUMIFS(Partner_Data!$F:$F,Partner_Data!$A:$A,"C01",Partner_Data!$C:$C,$A8)/SUMIFS(Partner_Data!$E:$E,Partner_Data!$A:$A,"C01",Partner_Data!$C:$C,$A8),0)-$B8)),"n/a"))) -> 82.358758 | D8: =IF(Inputs!$B$6="C02","—",IF(IFERROR(SUMIFS(Partner_Data!$F:$F,Partner_Data!$A:$A,"C02",Partner_Data!$C:$C,$A8)/SUMIFS(Partner_Data!$E:$E,Partner_Data!$A:$A,"C02",Partner_Data!$C:$C,$A8),0)-$B8<=0,"No gain",IFERROR((IFERROR(SUMIFS(Partner_Data!$L:$L,Partner_Data!$A:$A,"C02",Partner_Data!$C:$C,$A8)/SUMIFS(Partner_Data!$K:$K,Partner_Data!$A:$A,"C02",Partner_Data!$C:$C,$A8),0)*(1+Inputs!$B$9)-IFERROR(SUMIFS(Partner_Data!$L:$L,Partner_Data!$A:$A,Inputs!$B$6,Partner_Data!$C:$C,$A8)/SUMIFS(Partner_Data!$K:$K,Partner_Data!$A:$A,Inputs!$B$6,Partner_Data!$C:$C,$A8),0))*SUMIFS(Partner_Data!$D:$D,Partner_Data!$A:$A,Inputs!$B$6,Partner_Data!$C:$C,$A8)/(SUMIFS(Partner_Data!$E:$E,Partner_Data!$A:$A,Inputs!$B$6,Partner_Data!$C:$C,$A8)*(IFERROR(SUMIFS(Partner_Data!$F:$F,Partner_Data!$A:$A,"C02",Partner_Data!$C:$C,$A8)/SUMIFS(Partner_Data!$E:$E,Partner_Data!$A:$A,"C02",Partner_Data!$C:$C,$A8),0)-$B8)),"n/a"))) -> 133.02392 | E8: =IF(Inputs!$B$6="C03","—",IF(IFERROR(SUMIFS(Partner_Data!$F:$F,Partner_Data!$A:$A,"C03",Partner_Data!$C:$C,$A8)/SUMIFS(Partner_Data!$E:$E,Partner_Data!$A:$A,"C03",Partner_Data!$C:$C,$A8),0)-$B8<=0,"No gain",IFERROR((IFERROR(SUMIFS(Partner_Data!$L:$L,Partner_Data!$A:$A,"C03",Partner_Data!$C:$C,$A8)/SUMIFS(Partner_Data!$K:$K,Partner_Data!$A:$A,"C03",Partner_Data!$C:$C,$A8),0)*(1+Inputs!$B$9)-IFERROR(SUMIFS(Partner_Data!$L:$L,Partner_Data!$A:$A,Inputs!$B$6,Partner_Data!$C:$C,$A8)/SUMIFS(Partner_Data!$K:$K,Partner_Data!$A:$A,Inputs!$B$6,Partner_Data!$C:$C,$A8),0))*SUMIFS(Partner_Data!$D:$D,Partner_Data!$A:$A,Inputs!$B$6,Partner_Data!$C:$C,$A8)/(SUMIFS(Partner_Data!$E:$E,Partner_Data!$A:$A,Inputs!$B$6,Partner_Data!$C:$C,$A8)*(IFERROR(SUMIFS(Partner_Data!$F:$F,Partner_Data!$A:$A,"C03",Partner_Data!$C:$C,$A8)/SUMIFS(Partner_Data!$E:$E,Partner_Data!$A:$A,"C03",Partner_Data!$C:$C,$A8),0)-$B8)),"n/a"))) -> — | F8: =IF(Inputs!$B$6="C04","—",IF(IFERROR(SUMIFS(Partner_Data!$F:$F,Partner_Data!$A:$A,"C04",Partner_Data!$C:$C,$A8)/SUMIFS(Partner_Data!$E:$E,Partner_Data!$A:$A,"C04",Partner_Data!$C:$C,$A8),0)-$B8<=0,"No gain",IFERROR((IFERROR(SUMIFS(Partner_Data!$L:$L,Partner_Data!$A:$A,"C04",Partner_Data!$C:$C,$A8)/SUMIFS(Partner_Data!$K:$K,Partner_Data!$A:$A,"C04",Partner_Data!$C:$C,$A8),0)*(1+Inputs!$B$9)-IFERROR(SUMIFS(Partner_Data!$L:$L,Partner_Data!$A:$A,Inputs!$B$6,Partner_Data!$C:$C,$A8)/SUMIFS(Partner_Data!$K:$K,Partner_Data!$A:$A,Inputs!$B$6,Partner_Data!$C:$C,$A8),0))*SUMIFS(Partner_Data!$D:$D,Partner_Data!$A:$A,Inputs!$B$6,Partner_Data!$C:$C,$A8)/(SUMIFS(Partner_Data!$E:$E,Partner_Data!$A:$A,Inputs!$B$6,Partner_Data!$C:$C,$A8)*(IFERROR(SUMIFS(Partner_Data!$F:$F,Partner_Data!$A:$A,"C04",Partner_Data!$C:$C,$A8)/SUMIFS(Partner_Data!$E:$E,Partner_Data!$A:$A,"C04",Partner_Data!$C:$C,$A8),0)-$B8)),"n/a"))) -> 73.277343 | G8: =IF(Inputs!$B$6="C05","—",IF(IFERROR(SUMIFS(Partner_Data!$F:$F,Partner_Data!$A:$A,"C05",Partner_Data!$C:$C,$A8)/SUMIFS(Partner_Data!$E:$E,Partner_Data!$A:$A,"C05",Partner_Data!$C:$C,$A8),0)-$B8<=0,"No gain",IFERROR((IFERROR(SUMIFS(Partner_Data!$L:$L,Partner_Data!$A:$A,"C05",Partner_Data!$C:$C,$A8)/SUMIFS(Partner_Data!$K:$K,Partner_Data!$A:$A,"C05",Partner_Data!$C:$C,$A8),0)*(1+Inputs!$B$9)-IFERROR(SUMIFS(Partner_Data!$L:$L,Partner_Data!$A:$A,Inputs!$B$6,Partner_Data!$C:$C,$A8)/SUMIFS(Partner_Data!$K:$K,Partner_Data!$A:$A,Inputs!$B$6,Partner_Data!$C:$C,$A8),0))*SUMIFS(Partner_Data!$D:$D,Partner_Data!$A:$A,Inputs!$B$6,Partner_Data!$C:$C,$A8)/(SUMIFS(Partner_Data!$E:$E,Partner_Data!$A:$A,Inputs!$B$6,Partner_Data!$C:$C,$A8)*(IFERROR(SUMIFS(Partner_Data!$F:$F,Partner_Data!$A:$A,"C05",Partner_Data!$C:$C,$A8)/SUMIFS(Partner_Data!$E:$E,Partner_Data!$A:$A,"C05",Partner_Data!$C:$C,$A8),0)-$B8)),"n/a"))) -> 100.8393
A9: Dubai | B9: =IFERROR(SUMIFS(Partner_Data!$F:$F,Partner_Data!$A:$A,Inputs!$B$6,Partner_Data!$C:$C,$A9)/SUMIFS(Partner_Data!$E:$E,Partner_Data!$A:$A,Inputs!$B$6,Partner_Data!$C:$C,$A9),0) -> 0.79014085 | C9: =IF(Inputs!$B$6="C01","—",IF(IFERROR(SUMIFS(Partner_Data!$F:$F,Partner_Data!$A:$A,"C01",Partner_Data!$C:$C,$A9)/SUMIFS(Partner_Data!$E:$E,Partner_Data!$A:$A,"C01",Partner_Data!$C:$C,$A9),0)-$B9<=0,"No gain",IFERROR((IFERROR(SUMIFS(Partner_Data!$L:$L,Partner_Data!$A:$A,"C01",Partner_Data!$C:$C,$A9)/SUMIFS(Partner_Data!$K:$K,Partner_Data!$A:$A,"C01",Partner_Data!$C:$C,$A9),0)*(1+Inputs!$B$9)-IFERROR(SUMIFS(Partner_Data!$L:$L,Partner_Data!$A:$A,Inputs!$B$6,Partner_Data!$C:$C,$A9)/SUMIFS(Partner_Data!$K:$K,Partner_Data!$A:$A,Inputs!$B$6,Partner_Data!$C:$C,$A9),0))*SUMIFS(Partner_Data!$D:$D,Partner_Data!$A:$A,Inputs!$B$6,Partner_Data!$C:$C,$A9)/(SUMIFS(Partner_Data!$E:$E,Partner_Data!$A:$A,Inputs!$B$6,Partner_Data!$C:$C,$A9)*(IFERROR(SUMIFS(Partner_Data!$F:$F,Partner_Data!$A:$A,"C01",Partner_Data!$C:$C,$A9)/SUMIFS(Partner_Data!$E:$E,Partner_Data!$A:$A,"C01",Partner_Data!$C:$C,$A9),0)-$B9)),"n/a"))) -> 104.79831 | D9: =IF(Inputs!$B$6="C02","—",IF(IFERROR(SUMIFS(Partner_Data!$F:$F,Partner_Data!$A:$A,"C02",Partner_Data!$C:$C,$A9)/SUMIFS(Partner_Data!$E:$E,Partner_Data!$A:$A,"C02",Partner_Data!$C:$C,$A9),0)-$B9<=0,"No gain",IFERROR((IFERROR(SUMIFS(Partner_Data!$L:$L,Partner_Data!$A:$A,"C02",Partner_Data!$C:$C,$A9)/SUMIFS(Partner_Data!$K:$K,Partner_Data!$A:$A,"C02",Partner_Data!$C:$C,$A9),0)*(1+Inputs!$B$9)-IFERROR(SUMIFS(Partner_Data!$L:$L,Partner_Data!$A:$A,Inputs!$B$6,Partner_Data!$C:$C,$A9)/SUMIFS(Partner_Data!$K:$K,Partner_Data!$A:$A,Inputs!$B$6,Partner_Data!$C:$C,$A9),0))*SUMIFS(Partner_Data!$D:$D,Partner_Data!$A:$A,Inputs!$B$6,Partner_Data!$C:$C,$A9)/(SUMIFS(Partner_Data!$E:$E,Partner_Data!$A:$A,Inputs!$B$6,Partner_Data!$C:$C,$A9)*(IFERROR(SUMIFS(Partner_Data!$F:$F,Partner_Data!$A:$A,"C02",Partner_Data!$C:$C,$A9)/SUMIFS(Partner_Data!$E:$E,Partner_Data!$A:$A,"C02",Partner_Data!$C:$C,$A9),0)-$B9)),"n/a"))) -> 75.103743 | E9: =IF(Inputs!$B$6="C03","—",IF(IFERROR(SUMIFS(Partner_Data!$F:$F,Partner_Data!$A:$A,"C03",Partner_Data!$C:$C,$A9)/SUMIFS(Partner_Data!$E:$E,Partner_Data!$A:$A,"C03",Partner_Data!$C:$C,$A9),0)-$B9<=0,"No gain",IFERROR((IFERROR(SUMIFS(Partner_Data!$L:$L,Partner_Data!$A:$A,"C03",Partner_Data!$C:$C,$A9)/SUMIFS(Partner_Data!$K:$K,Partner_Data!$A:$A,"C03",Partner_Data!$C:$C,$A9),0)*(1+Inputs!$B$9)-IFERROR(SUMIFS(Partner_Data!$L:$L,Partner_Data!$A:$A,Inputs!$B$6,Partner_Data!$C:$C,$A9)/SUMIFS(Partner_Data!$K:$K,Partner_Data!$A:$A,Inputs!$B$6,Partner_Data!$C:$C,$A9),0))*SUMIFS(Partner_Data!$D:$D,Partner_Data!$A:$A,Inputs!$B$6,Partner_Data!$C:$C,$A9)/(SUMIFS(Partner_Data!$E:$E,Partner_Data!$A:$A,Inputs!$B$6,Partner_Data!$C:$C,$A9)*(IFERROR(SUMIFS(Partner_Data!$F:$F,Partner_Data!$A:$A,"C03",Partner_Data!$C:$C,$A9)/SUMIFS(Partner_Data!$E:$E,Partner_Data!$A:$A,"C03",Partner_Data!$C:$C,$A9),0)-$B9)),"n/a"))) -> — | F9: =IF(Inputs!$B$6="C04","—",IF(IFERROR(SUMIFS(Partner_Data!$F:$F,Partner_Data!$A:$A,"C04",Partner_Data!$C:$C,$A9)/SUMIFS(Partner_Data!$E:$E,Partner_Data!$A:$A,"C04",Partner_Data!$C:$C,$A9),0)-$B9<=0,"No gain",IFERROR((IFERROR(SUMIFS(Partner_Data!$L:$L,Partner_Data!$A:$A,"C04",Partner_Data!$C:$C,$A9)/SUMIFS(Partner_Data!$K:$K,Partner_Data!$A:$A,"C04",Partner_Data!$C:$C,$A9),0)*(1+Inputs!$B$9)-IFERROR(SUMIFS(Partner_Data!$L:$L,Partner_Data!$A:$A,Inputs!$B$6,Partner_Data!$C:$C,$A9)/SUMIFS(Partner_Data!$K:$K,Partner_Data!$A:$A,Inputs!$B$6,Partner_Data!$C:$C,$A9),0))*SUMIFS(Partner_Data!$D:$D,Partner_Data!$A:$A,Inputs!$B$6,Partner_Data!$C:$C,$A9)/(SUMIFS(Partner_Data!$E:$E,Partner_Data!$A:$A,Inputs!$B$6,Partner_Data!$C:$C,$A9)*(IFERROR(SUMIFS(Partner_Data!$F:$F,Partner_Data!$A:$A,"C04",Partner_Data!$C:$C,$A9)/SUMIFS(Partner_Data!$E:$E,Partner_Data!$A:$A,"C04",Partner_Data!$C:$C,$A9),0)-$B9)),"n/a"))) -> 39.200421 | G9: =IF(Inputs!$B$6="C05","—",IF(IFERROR(SUMIFS(Partner_Data!$F:$F,Partner_Data!$A:$A,"C05",Partner_Data!$C:$C,$A9)/SUMIFS(Partner_Data!$E:$E,Partner_Data!$A:$A,"C05",Partner_Data!$C:$C,$A9),0)-$B9<=0,"No gain",IFERROR((IFERROR(SUMIFS(Partner_Data!$L:$L,Partner_Data!$A:$A,"C05",Partner_Data!$C:$C,$A9)/SUMIFS(Partner_Data!$K:$K,Partner_Data!$A:$A,"C05",Partner_Data!$C:$C,$A9),0)*(1+Inputs!$B$9)-IFERROR(SUMIFS(Partner_Data!$L:$L,Partner_Data!$A:$A,Inputs!$B$6,Partner_Data!$C:$C,$A9)/SUMIFS(Partner_Data!$K:$K,Partner_Data!$A:$A,Inputs!$B$6,Partner_Data!$C:$C,$A9),0))*SUMIFS(Partner_Data!$D:$D,Partner_Data!$A:$A,Inputs!$B$6,Partner_Data!$C:$C,$A9)/(SUMIFS(Partner_Data!$E:$E,Partner_Data!$A:$A,Inputs!$B$6,Partner_Data!$C:$C,$A9)*(IFERROR(SUMIFS(Partner_Data!$F:$F,Partner_Data!$A:$A,"C05",Partner_Data!$C:$C,$A9)/SUMIFS(Partner_Data!$E:$E,Partner_Data!$A:$A,"C05",Partner_Data!$C:$C,$A9),0)-$B9)),"n/a"))) -> 92.145065
A10: Fujairah | B10: =IFERROR(SUMIFS(Partner_Data!$F:$F,Partner_Data!$A:$A,Inputs!$B$6,Partner_Data!$C:$C,$A10)/SUMIFS(Partner_Data!$E:$E,Partner_Data!$A:$A,Inputs!$B$6,Partner_Data!$C:$C,$A10),0) -> 0.71910112 | C10: =IF(Inputs!$B$6="C01","—",IF(IFERROR(SUMIFS(Partner_Data!$F:$F,Partner_Data!$A:$A,"C01",Partner_Data!$C:$C,$A10)/SUMIFS(Partner_Data!$E:$E,Partner_Data!$A:$A,"C01",Partner_Data!$C:$C,$A10),0)-$B10<=0,"No gain",IFERROR((IFERROR(SUMIFS(Partner_Data!$L:$L,Partner_Data!$A:$A,"C01",Partner_Data!$C:$C,$A10)/SUMIFS(Partner_Data!$K:$K,Partner_Data!$A:$A,"C01",Partner_Data!$C:$C,$A10),0)*(1+Inputs!$B$9)-IFERROR(SUMIFS(Partner_Data!$L:$L,Partner_Data!$A:$A,Inputs!$B$6,Partner_Data!$C:$C,$A10)/SUMIFS(Partner_Data!$K:$K,Partner_Data!$A:$A,Inputs!$B$6,Partner_Data!$C:$C,$A10),0))*SUMIFS(Partner_Data!$D:$D,Partner_Data!$A:$A,Inputs!$B$6,Partner_Data!$C:$C,$A10)/(SUMIFS(Partner_Data!$E:$E,Partner_Data!$A:$A,Inputs!$B$6,Partner_Data!$C:$C,$A10)*(IFERROR(SUMIFS(Partner_Data!$F:$F,Partner_Data!$A:$A,"C01",Partner_Data!$C:$C,$A10)/SUMIFS(Partner_Data!$E:$E,Partner_Data!$A:$A,"C01",Partner_Data!$C:$C,$A10),0)-$B10)),"n/a"))) -> 86.34282 | D10: =IF(Inputs!$B$6="C02","—",IF(IFERROR(SUMIFS(Partner_Data!$F:$F,Partner_Data!$A:$A,"C02",Partner_Data!$C:$C,$A10)/SUMIFS(Partner_Data!$E:$E,Partner_Data!$A:$A,"C02",Partner_Data!$C:$C,$A10),0)-$B10<=0,"No gain",IFERROR((IFERROR(SUMIFS(Partner_Data!$L:$L,Partner_Data!$A:$A,"C02",Partner_Data!$C:$C,$A10)/SUMIFS(Partner_Data!$K:$K,Partner_Data!$A:$A,"C02",Partner_Data!$C:$C,$A10),0)*(1+Inputs!$B$9)-IFERROR(SUMIFS(Partner_Data!$L:$L,Partner_Data!$A:$A,Inputs!$B$6,Partner_Data!$C:$C,$A10)/SUMIFS(Partner_Data!$K:$K,Partner_Data!$A:$A,Inputs!$B$6,Partner_Data!$C:$C,$A10),0))*SUMIFS(Partner_Data!$D:$D,Partner_Data!$A:$A,Inputs!$B$6,Partner_Data!$C:$C,$A10)/(SUMIFS(Partner_Data!$E:$E,Partner_Data!$A:$A,Inputs!$B$6,Partner_Data!$C:$C,$A10)*(IFERROR(SUMIFS(Partner_Data!$F:$F,Partner_Data!$A:$A,"C02",Partner_Data!$C:$C,$A10)/SUMIFS(Partner_Data!$E:$E,Partner_Data!$A:$A,"C02",Partner_Data!$C:$C,$A10),0)-$B10)),"n/a"))) -> 43.354209 | E10: =IF(Inputs!$B$6="C03","—",IF(IFERROR(SUMIFS(Partner_Data!$F:$F,Partner_Data!$A:$A,"C03",Partner_Data!$C:$C,$A10)/SUMIFS(Partner_Data!$E:$E,Partner_Data!$A:$A,"C03",Partner_Data!$C:$C,$A10),0)-$B10<=0,"No gain",IFERROR((IFERROR(SUMIFS(Partner_Data!$L:$L,Partner_Data!$A:$A,"C03",Partner_Data!$C:$C,$A10)/SUMIFS(Partner_Data!$K:$K,Partner_Data!$A:$A,"C03",Partner_Data!$C:$C,$A10),0)*(1+Inputs!$B$9)-IFERROR(SUMIFS(Partner_Data!$L:$L,Partner_Data!$A:$A,Inputs!$B$6,Partner_Data!$C:$C,$A10)/SUMIFS(Partner_Data!$K:$K,Partner_Data!$A:$A,Inputs!$B$6,Partner_Data!$C:$C,$A10),0))*SUMIFS(Partner_Data!$D:$D,Partner_Data!$A:$A,Inputs!$B$6,Partner_Data!$C:$C,$A10)/(SUMIFS(Partner_Data!$E:$E,Partner_Data!$A:$A,Inputs!$B$6,Partner_Data!$C:$C,$A10)*(IFERROR(SUMIFS(Partner_Data!$F:$F,Partner_Data!$A:$A,"C03",Partner_Data!$C:$C,$A10)/SUMIFS(Partner_Data!$E:$E,Partner_Data!$A:$A,"C03",Partner_Data!$C:$C,$A10),0)-$B10)),"n/a"))) -> — | F10: =IF(Inputs!$B$6="C04","—",IF(IFERROR(SUMIFS(Partner_Data!$F:$F,Partner_Data!$A:$A,"C04",Partner_Data!$C:$C,$A10)/SUMIFS(Partner_Data!$E:$E,Partner_Data!$A:$A,"C04",Partner_Data!$C:$C,$A10),0)-$B10<=0,"No gain",IFERROR((IFERROR(SUMIFS(Partner_Data!$L:$L,Partner_Data!$A:$A,"C04",Partner_Data!$C:$C,$A10)/SUMIFS(Partner_Data!$K:$K,Partner_Data!$A:$A,"C04",Partner_Data!$C:$C,$A10),0)*(1+Inputs!$B$9)-IFERROR(SUMIFS(Partner_Data!$L:$L,Partner_Data!$A:$A,Inputs!$B$6,Partner_Data!$C:$C,$A10)/SUMIFS(Partner_Data!$K:$K,Partner_Data!$A:$A,Inputs!$B$6,Partner_Data!$C:$C,$A10),0))*SUMIFS(Partner_Data!$D:$D,Partner_Data!$A:$A,Inputs!$B$6,Partner_Data!$C:$C,$A10)/(SUMIFS(Partner_Data!$E:$E,Partner_Data!$A:$A,Inputs!$B$6,Partner_Data!$C:$C,$A10)*(IFERROR(SUMIFS(Partner_Data!$F:$F,Partner_Data!$A:$A,"C04",Partner_Data!$C:$C,$A10)/SUMIFS(Partner_Data!$E:$E,Partner_Data!$A:$A,"C04",Partner_Data!$C:$C,$A10),0)-$B10)),"n/a"))) -> 57.409437 | G10: =IF(Inputs!$B$6="C05","—",IF(IFERROR(SUMIFS(Partner_Data!$F:$F,Partner_Data!$A:$A,"C05",Partner_Data!$C:$C,$A10)/SUMIFS(Partner_Data!$E:$E,Partner_Data!$A:$A,"C05",Partner_Data!$C:$C,$A10),0)-$B10<=0,"No gain",IFERROR((IFERROR(SUMIFS(Partner_Data!$L:$L,Partner_Data!$A:$A,"C05",Partner_Data!$C:$C,$A10)/SUMIFS(Partner_Data!$K:$K,Partner_Data!$A:$A,"C05",Partner_Data!$C:$C,$A10),0)*(1+Inputs!$B$9)-IFERROR(SUMIFS(Partner_Data!$L:$L,Partner_Data!$A:$A,Inputs!$B$6,Partner_Data!$C:$C,$A10)/SUMIFS(Partner_Data!$K:$K,Partner_Data!$A:$A,Inputs!$B$6,Partner_Data!$C:$C,$A10),0))*SUMIFS(Partner_Data!$D:$D,Partner_Data!$A:$A,Inputs!$B$6,Partner_Data!$C:$C,$A10)/(SUMIFS(Partner_Data!$E:$E,Partner_Data!$A:$A,Inputs!$B$6,Partner_Data!$C:$C,$A10)*(IFERROR(SUMIFS(Partner_Data!$F:$F,Partner_Data!$A:$A,"C05",Partner_Data!$C:$C,$A10)/SUMIFS(Partner_Data!$E:$E,Partner_Data!$A:$A,"C05",Partner_Data!$C:$C,$A10),0)-$B10)),"n/a"))) -> 28.132658
A11: Ras Al Khaimah | B11: =IFERROR(SUMIFS(Partner_Data!$F:$F,Partner_Data!$A:$A,Inputs!$B$6,Partner_Data!$C:$C,$A11)/SUMIFS(Partner_Data!$E:$E,Partner_Data!$A:$A,Inputs!$B$6,Partner_Data!$C:$C,$A11),0) -> 0.69285714 | C11: =IF(Inputs!$B$6="C01","—",IF(IFERROR(SUMIFS(Partner_Data!$F:$F,Partner_Data!$A:$A,"C01",Partner_Data!$C:$C,$A11)/SUMIFS(Partner_Data!$E:$E,Partner_Data!$A:$A,"C01",Partner_Data!$C:$C,$A11),0)-$B11<=0,"No gain",IFERROR((IFERROR(SUMIFS(Partner_Data!$L:$L,Partner_Data!$A:$A,"C01",Partner_Data!$C:$C,$A11)/SUMIFS(Partner_Data!$K:$K,Partner_Data!$A:$A,"C01",Partner_Data!$C:$C,$A11),0)*(1+Inputs!$B$9)-IFERROR(SUMIFS(Partner_Data!$L:$L,Partner_Data!$A:$A,Inputs!$B$6,Partner_Data!$C:$C,$A11)/SUMIFS(Partner_Data!$K:$K,Partner_Data!$A:$A,Inputs!$B$6,Partner_Data!$C:$C,$A11),0))*SUMIFS(Partner_Data!$D:$D,Partner_Data!$A:$A,Inputs!$B$6,Partner_Data!$C:$C,$A11)/(SUMIFS(Partner_Data!$E:$E,Partner_Data!$A:$A,Inputs!$B$6,Partner_Data!$C:$C,$A11)*(IFERROR(SUMIFS(Partner_Data!$F:$F,Partner_Data!$A:$A,"C01",Partner_Data!$C:$C,$A11)/SUMIFS(Partner_Data!$E:$E,Partner_Data!$A:$A,"C01",Partner_Data!$C:$C,$A11),0)-$B11)),"n/a"))) -> 54.374117 | D11: =IF(Inputs!$B$6="C02","—",IF(IFERROR(SUMIFS(Partner_Data!$F:$F,Partner_Data!$A:$A,"C02",Partner_Data!$C:$C,$A11)/SUMIFS(Partner_Data!$E:$E,Partner_Data!$A:$A,"C02",Partner_Data!$C:$C,$A11),0)-$B11<=0,"No gain",IFERROR((IFERROR(SUMIFS(Partner_Data!$L:$L,Partner_Data!$A:$A,"C02",Partner_Data!$C:$C,$A11)/SUMIFS(Partner_Data!$K:$K,Partner_Data!$A:$A,"C02",Partner_Data!$C:$C,$A11),0)*(1+Inputs!$B$9)-IFERROR(SUMIFS(Partner_Data!$L:$L,Partner_Data!$A:$A,Inputs!$B$6,Partner_Data!$C:$C,$A11)/SUMIFS(Partner_Data!$K:$K,Partner_Data!$A:$A,Inputs!$B$6,Partner_Data!$C:$C,$A11),0))*SUMIFS(Partner_Data!$D:$D,Partner_Data!$A:$A,Inputs!$B$6,Partner_Data!$C:$C,$A11)/(SUMIFS(Partner_Data!$E:$E,Partner_Data!$A:$A,Inputs!$B$6,Partner_Data!$C:$C,$A11)*(IFERROR(SUMIFS(Partner_Data!$F:$F,Partner_Data!$A:$A,"C02",Partner_Data!$C:$C,$A11)/SUMIFS(Partner_Data!$E:$E,Partner_Data!$A:$A,"C02",Partner_Data!$C:$C,$A11),0)-$B11)),"n/a"))) -> 28.144348 | E11: =IF(Inputs!$B$6="C03","—",IF(IFERROR(SUMIFS(Partner_Data!$F:$F,Partner_Data!$A:$A,"C03",Partner_Data!$C:$C,$A11)/SUMIFS(Partner_Data!$E:$E,Partner_Data!$A:$A,"C03",Partner_Data!$C:$C,$A11),0)-$B11<=0,"No gain",IFERROR((IFERROR(SUMIFS(Partner_Data!$L:$L,Partner_Data!$A:$A,"C03",Partner_Data!$C:$C,$A11)/SUMIFS(Partner_Data!$K:$K,Partner_Data!$A:$A,"C03",Partner_Data!$C:$C,$A11),0)*(1+Inputs!$B$9)-IFERROR(SUMIFS(Partner_Data!$L:$L,Partner_Data!$A:$A,Inputs!$B$6,Partner_Data!$C:$C,$A11)/SUMIFS(Partner_Data!$K:$K,Partner_Data!$A:$A,Inputs!$B$6,Partner_Data!$C:$C,$A11),0))*SUMIFS(Partner_Data!$D:$D,Partner_Data!$A:$A,Inputs!$B$6,Partner_Data!$C:$C,$A11)/(SUMIFS(Partner_Data!$E:$E,Partner_Data!$A:$A,Inputs!$B$6,Partner_Data!$C:$C,$A11)*(IFERROR(SUMIFS(Partner_Data!$F:$F,Partner_Data!$A:$A,"C03",Partner_Data!$C:$C,$A11)/SUMIFS(Partner_Data!$E:$E,Partner_Data!$A:$A,"C03",Partner_Data!$C:$C,$A11),0)-$B11)),"n/a"))) -> — | F11: =IF(Inputs!$B$6="C04","—",IF(IFERROR(SUMIFS(Partner_Data!$F:$F,Partner_Data!$A:$A,"C04",Partner_Data!$C:$C,$A11)/SUMIFS(Partner_Data!$E:$E,Partner_Data!$A:$A,"C04",Partner_Data!$C:$C,$A11),0)-$B11<=0,"No gain",IFERROR((IFERROR(SUMIFS(Partner_Data!$L:$L,Partner_Data!$A:$A,"C04",Partner_Data!$C:$C,$A11)/SUMIFS(Partner_Data!$K:$K,Partner_Data!$A:$A,"C04",Partner_Data!$C:$C,$A11),0)*(1+Inputs!$B$9)-IFERROR(SUMIFS(Partner_Data!$L:$L,Partner_Data!$A:$A,Inputs!$B$6,Partner_Data!$C:$C,$A11)/SUMIFS(Partner_Data!$K:$K,Partner_Data!$A:$A,Inputs!$B$6,Partner_Data!$C:$C,$A11),0))*SUMIFS(Partner_Data!$D:$D,Partner_Data!$A:$A,Inputs!$B$6,Partner_Data!$C:$C,$A11)/(SUMIFS(Partner_Data!$E:$E,Partner_Data!$A:$A,Inputs!$B$6,Partner_Data!$C:$C,$A11)*(IFERROR(SUMIFS(Partner_Data!$F:$F,Partner_Data!$A:$A,"C04",Partner_Data!$C:$C,$A11)/SUMIFS(Partner_Data!$E:$E,Partner_Data!$A:$A,"C04",Partner_Data!$C:$C,$A11),0)-$B11)),"n/a"))) -> 38.180519 | G11: =IF(Inputs!$B$6="C05","—",IF(IFERROR(SUMIFS(Partner_Data!$F:$F,Partner_Data!$A:$A,"C05",Partner_Data!$C:$C,$A11)/SUMIFS(Partner_Data!$E:$E,Partner_Data!$A:$A,"C05",Partner_Data!$C:$C,$A11),0)-$B11<=0,"No gain",IFERROR((IFERROR(SUMIFS(Partner_Data!$L:$L,Partner_Data!$A:$A,"C05",Partner_Data!$C:$C,$A11)/SUMIFS(Partner_Data!$K:$K,Partner_Data!$A:$A,"C05",Partner_Data!$C:$C,$A11),0)*(1+Inputs!$B$9)-IFERROR(SUMIFS(Partner_Data!$L:$L,Partner_Data!$A:$A,Inputs!$B$6,Partner_Data!$C:$C,$A11)/SUMIFS(Partner_Data!$K:$K,Partner_Data!$A:$A,Inputs!$B$6,Partner_Data!$C:$C,$A11),0))*SUMIFS(Partner_Data!$D:$D,Partner_Data!$A:$A,Inputs!$B$6,Partner_Data!$C:$C,$A11)/(SUMIFS(Partner_Data!$E:$E,Partner_Data!$A:$A,Inputs!$B$6,Partner_Data!$C:$C,$A11)*(IFERROR(SUMIFS(Partner_Data!$F:$F,Partner_Data!$A:$A,"C05",Partner_Data!$C:$C,$A11)/SUMIFS(Partner_Data!$E:$E,Partner_Data!$A:$A,"C05",Partner_Data!$C:$C,$A11),0)-$B11)),"n/a"))) -> 40.956565
A12: Sharjah | B12: =IFERROR(SUMIFS(Partner_Data!$F:$F,Partner_Data!$A:$A,Inputs!$B$6,Partner_Data!$C:$C,$A12)/SUMIFS(Partner_Data!$E:$E,Partner_Data!$A:$A,Inputs!$B$6,Partner_Data!$C:$C,$A12),0) -> 0.80178174 | C12: =IF(Inputs!$B$6="C01","—",IF(IFERROR(SUMIFS(Partner_Data!$F:$F,Partner_Data!$A:$A,"C01",Partner_Data!$C:$C,$A12)/SUMIFS(Partner_Data!$E:$E,Partner_Data!$A:$A,"C01",Partner_Data!$C:$C,$A12),0)-$B12<=0,"No gain",IFERROR((IFERROR(SUMIFS(Partner_Data!$L:$L,Partner_Data!$A:$A,"C01",Partner_Data!$C:$C,$A12)/SUMIFS(Partner_Data!$K:$K,Partner_Data!$A:$A,"C01",Partner_Data!$C:$C,$A12),0)*(1+Inputs!$B$9)-IFERROR(SUMIFS(Partner_Data!$L:$L,Partner_Data!$A:$A,Inputs!$B$6,Partner_Data!$C:$C,$A12)/SUMIFS(Partner_Data!$K:$K,Partner_Data!$A:$A,Inputs!$B$6,Partner_Data!$C:$C,$A12),0))*SUMIFS(Partner_Data!$D:$D,Partner_Data!$A:$A,Inputs!$B$6,Partner_Data!$C:$C,$A12)/(SUMIFS(Partner_Data!$E:$E,Partner_Data!$A:$A,Inputs!$B$6,Partner_Data!$C:$C,$A12)*(IFERROR(SUMIFS(Partner_Data!$F:$F,Partner_Data!$A:$A,"C01",Partner_Data!$C:$C,$A12)/SUMIFS(Partner_Data!$E:$E,Partner_Data!$A:$A,"C01",Partner_Data!$C:$C,$A12),0)-$B12)),"n/a"))) -> 135.42293 | D12: =IF(Inputs!$B$6="C02","—",IF(IFERROR(SUMIFS(Partner_Data!$F:$F,Partner_Data!$A:$A,"C02",Partner_Data!$C:$C,$A12)/SUMIFS(Partner_Data!$E:$E,Partner_Data!$A:$A,"C02",Partner_Data!$C:$C,$A12),0)-$B12<=0,"No gain",IFERROR((IFERROR(SUMIFS(Partner_Data!$L:$L,Partner_Data!$A:$A,"C02",Partner_Data!$C:$C,$A12)/SUMIFS(Partner_Data!$K:$K,Partner_Data!$A:$A,"C02",Partner_Data!$C:$C,$A12),0)*(1+Inputs!$B$9)-IFERROR(SUMIFS(Partner_Data!$L:$L,Partner_Data!$A:$A,Inputs!$B$6,Partner_Data!$C:$C,$A12)/SUMIFS(Partner_Data!$K:$K,Partner_Data!$A:$A,Inputs!$B$6,Partner_Data!$C:$C,$A12),0))*SUMIFS(Partner_Data!$D:$D,Partner_Data!$A:$A,Inputs!$B$6,Partner_Data!$C:$C,$A12)/(SUMIFS(Partner_Data!$E:$E,Partner_Data!$A:$A,Inputs!$B$6,Partner_Data!$C:$C,$A12)*(IFERROR(SUMIFS(Partner_Data!$F:$F,Partner_Data!$A:$A,"C02",Partner_Data!$C:$C,$A12)/SUMIFS(Partner_Data!$E:$E,Partner_Data!$A:$A,"C02",Partner_Data!$C:$C,$A12),0)-$B12)),"n/a"))) -> 81.39326 | E12: =IF(Inputs!$B$6="C03","—",IF(IFERROR(SUMIFS(Partner_Data!$F:$F,Partner_Data!$A:$A,"C03",Partner_Data!$C:$C,$A12)/SUMIFS(Partner_Data!$E:$E,Partner_Data!$A:$A,"C03",Partner_Data!$C:$C,$A12),0)-$B12<=0,"No gain",IFERROR((IFERROR(SUMIFS(Partner_Data!$L:$L,Partner_Data!$A:$A,"C03",Partner_Data!$C:$C,$A12)/SUMIFS(Partner_Data!$K:$K,Partner_Data!$A:$A,"C03",Partner_Data!$C:$C,$A12),0)*(1+Inputs!$B$9)-IFERROR(SUMIFS(Partner_Data!$L:$L,Partner_Data!$A:$A,Inputs!$B$6,Partner_Data!$C:$C,$A12)/SUMIFS(Partner_Data!$K:$K,Partner_Data!$A:$A,Inputs!$B$6,Partner_Data!$C:$C,$A12),0))*SUMIFS(Partner_Data!$D:$D,Partner_Data!$A:$A,Inputs!$B$6,Partner_Data!$C:$C,$A12)/(SUMIFS(Partner_Data!$E:$E,Partner_Data!$A:$A,Inputs!$B$6,Partner_Data!$C:$C,$A12)*(IFERROR(SUMIFS(Partner_Data!$F:$F,Partner_Data!$A:$A,"C03",Partner_Data!$C:$C,$A12)/SUMIFS(Partner_Data!$E:$E,Partner_Data!$A:$A,"C03",Partner_Data!$C:$C,$A12),0)-$B12)),"n/a"))) -> — | F12: =IF(Inputs!$B$6="C04","—",IF(IFERROR(SUMIFS(Partner_Data!$F:$F,Partner_Data!$A:$A,"C04",Partner_Data!$C:$C,$A12)/SUMIFS(Partner_Data!$E:$E,Partner_Data!$A:$A,"C04",Partner_Data!$C:$C,$A12),0)-$B12<=0,"No gain",IFERROR((IFERROR(SUMIFS(Partner_Data!$L:$L,Partner_Data!$A:$A,"C04",Partner_Data!$C:$C,$A12)/SUMIFS(Partner_Data!$K:$K,Partner_Data!$A:$A,"C04",Partner_Data!$C:$C,$A12),0)*(1+Inputs!$B$9)-IFERROR(SUMIFS(Partner_Data!$L:$L,Partner_Data!$A:$A,Inputs!$B$6,Partner_Data!$C:$C,$A12)/SUMIFS(Partner_Data!$K:$K,Partner_Data!$A:$A,Inputs!$B$6,Partner_Data!$C:$C,$A12),0))*SUMIFS(Partner_Data!$D:$D,Partner_Data!$A:$A,Inputs!$B$6,Partner_Data!$C:$C,$A12)/(SUMIFS(Partner_Data!$E:$E,Partner_Data!$A:$A,Inputs!$B$6,Partner_Data!$C:$C,$A12)*(IFERROR(SUMIFS(Partner_Data!$F:$F,Partner_Data!$A:$A,"C04",Partner_Data!$C:$C,$A12)/SUMIFS(Partner_Data!$E:$E,Partner_Data!$A:$A,"C04",Partner_Data!$C:$C,$A12),0)-$B12)),"n/a"))) -> 2278.7114 | G12: =IF(Inputs!$B$6="C05","—",IF(IFERROR(SUMIFS(Partner_Data!$F:$F,Partner_Data!$A:$A,"C05",Partner_Data!$C:$C,$A12)/SUMIFS(Partner_Data!$E:$E,Partner_Data!$A:$A,"C05",Partner_Data!$C:$C,$A12),0)-$B12<=0,"No gain",IFERROR((IFERROR(SUMIFS(Partner_Data!$L:$L,Partner_Data!$A:$A,"C05",Partner_Data!$C:$C,$A12)/SUMIFS(Partner_Data!$K:$K,Partner_Data!$A:$A,"C05",Partner_Data!$C:$C,$A12),0)*(1+Inputs!$B$9)-IFERROR(SUMIFS(Partner_Data!$L:$L,Partner_Data!$A:$A,Inputs!$B$6,Partner_Data!$C:$C,$A12)/SUMIFS(Partner_Data!$K:$K,Partner_Data!$A:$A,Inputs!$B$6,Partner_Data!$C:$C,$A12),0))*SUMIFS(Partner_Data!$D:$D,Partner_Data!$A:$A,Inputs!$B$6,Partner_Data!$C:$C,$A12)/(SUMIFS(Partner_Data!$E:$E,Partner_Data!$A:$A,Inputs!$B$6,Partner_Data!$C:$C,$A12)*(IFERROR(SUMIFS(Partner_Data!$F:$F,Partner_Data!$A:$A,"C05",Partner_Data!$C:$C,$A12)/SUMIFS(Partner_Data!$E:$E,Partner_Data!$A:$A,"C05",Partner_Data!$C:$C,$A12),0)-$B12)),"n/a"))) -> 123.50422
A13: Umm Al Quwain | B13: =IFERROR(SUMIFS(Partner_Data!$F:$F,Partner_Data!$A:$A,Inputs!$B$6,Partner_Data!$C:$C,$A13)/SUMIFS(Partner_Data!$E:$E,Partner_Data!$A:$A,Inputs!$B$6,Partner_Data!$C:$C,$A13),0) -> 0.83333333 | C13: =IF(Inputs!$B$6="C01","—",IF(IFERROR(SUMIFS(Partner_Data!$F:$F,Partner_Data!$A:$A,"C01",Partner_Data!$C:$C,$A13)/SUMIFS(Partner_Data!$E:$E,Partner_Data!$A:$A,"C01",Partner_Data!$C:$C,$A13),0)-$B13<=0,"No gain",IFERROR((IFERROR(SUMIFS(Partner_Data!$L:$L,Partner_Data!$A:$A,"C01",Partner_Data!$C:$C,$A13)/SUMIFS(Partner_Data!$K:$K,Partner_Data!$A:$A,"C01",Partner_Data!$C:$C,$A13),0)*(1+Inputs!$B$9)-IFERROR(SUMIFS(Partner_Data!$L:$L,Partner_Data!$A:$A,Inputs!$B$6,Partner_Data!$C:$C,$A13)/SUMIFS(Partner_Data!$K:$K,Partner_Data!$A:$A,Inputs!$B$6,Partner_Data!$C:$C,$A13),0))*SUMIFS(Partner_Data!$D:$D,Partner_Data!$A:$A,Inputs!$B$6,Partner_Data!$C:$C,$A13)/(SUMIFS(Partner_Data!$E:$E,Partner_Data!$A:$A,Inputs!$B$6,Partner_Data!$C:$C,$A13)*(IFERROR(SUMIFS(Partner_Data!$F:$F,Partner_Data!$A:$A,"C01",Partner_Data!$C:$C,$A13)/SUMIFS(Partner_Data!$E:$E,Partner_Data!$A:$A,"C01",Partner_Data!$C:$C,$A13),0)-$B13)),"n/a"))) -> 214.53407 | D13: =IF(Inputs!$B$6="C02","—",IF(IFERROR(SUMIFS(Partner_Data!$F:$F,Partner_Data!$A:$A,"C02",Partner_Data!$C:$C,$A13)/SUMIFS(Partner_Data!$E:$E,Partner_Data!$A:$A,"C02",Partner_Data!$C:$C,$A13),0)-$B13<=0,"No gain",IFERROR((IFERROR(SUMIFS(Partner_Data!$L:$L,Partner_Data!$A:$A,"C02",Partner_Data!$C:$C,$A13)/SUMIFS(Partner_Data!$K:$K,Partner_Data!$A:$A,"C02",Partner_Data!$C:$C,$A13),0)*(1+Inputs!$B$9)-IFERROR(SUMIFS(Partner_Data!$L:$L,Partner_Data!$A:$A,Inputs!$B$6,Partner_Data!$C:$C,$A13)/SUMIFS(Partner_Data!$K:$K,Partner_Data!$A:$A,Inputs!$B$6,Partner_Data!$C:$C,$A13),0))*SUMIFS(Partner_Data!$D:$D,Partner_Data!$A:$A,Inputs!$B$6,Partner_Data!$C:$C,$A13)/(SUMIFS(Partner_Data!$E:$E,Partner_Data!$A:$A,Inputs!$B$6,Partner_Data!$C:$C,$A13)*(IFERROR(SUMIFS(Partner_Data!$F:$F,Partner_Data!$A:$A,"C02",Partner_Data!$C:$C,$A13)/SUMIFS(Partner_Data!$E:$E,Partner_Data!$A:$A,"C02",Partner_Data!$C:$C,$A13),0)-$B13)),"n/a"))) -> 110.89231 | E13: =IF(Inputs!$B$6="C03","—",IF(IFERROR(SUMIFS(Partner_Data!$F:$F,Partner_Data!$A:$A,"C03",Partner_Data!$C:$C,$A13)/SUMIFS(Partner_Data!$E:$E,Partner_Data!$A:$A,"C03",Partner_Data!$C:$C,$A13),0)-$B13<=0,"No gain",IFERROR((IFERROR(SUMIFS(Partner_Data!$L:$L,Partner_Data!$A:$A,"C03",Partner_Data!$C:$C,$A13)/SUMIFS(Partner_Data!$K:$K,Partner_Data!$A:$A,"C03",Partner_Data!$C:$C,$A13),0)*(1+Inputs!$B$9)-IFERROR(SUMIFS(Partner_Data!$L:$L,Partner_Data!$A:$A,Inputs!$B$6,Partner_Data!$C:$C,$A13)/SUMIFS(Partner_Data!$K:$K,Partner_Data!$A:$A,Inputs!$B$6,Partner_Data!$C:$C,$A13),0))*SUMIFS(Partner_Data!$D:$D,Partner_Data!$A:$A,Inputs!$B$6,Partner_Data!$C:$C,$A13)/(SUMIFS(Partner_Data!$E:$E,Partner_Data!$A:$A,Inputs!$B$6,Partner_Data!$C:$C,$A13)*(IFERROR(SUMIFS(Partner_Data!$F:$F,Partner_Data!$A:$A,"C03",Partner_Data!$C:$C,$A13)/SUMIFS(Partner_Data!$E:$E,Partner_Data!$A:$A,"C03",Partner_Data!$C:$C,$A13),0)-$B13)),"n/a"))) -> — | F13: =IF(Inputs!$B$6="C04","—",IF(IFERROR(SUMIFS(Partner_Data!$F:$F,Partner_Data!$A:$A,"C04",Partner_Data!$C:$C,$A13)/SUMIFS(Partner_Data!$E:$E,Partner_Data!$A:$A,"C04",Partner_Data!$C:$C,$A13),0)-$B13<=0,"No gain",IFERROR((IFERROR(SUMIFS(Partner_Data!$L:$L,Partner_Data!$A:$A,"C04",Partner_Data!$C:$C,$A13)/SUMIFS(Partner_Data!$K:$K,Partner_Data!$A:$A,"C04",Partner_Data!$C:$C,$A13),0)*(1+Inputs!$B$9)-IFERROR(SUMIFS(Partner_Data!$L:$L,Partner_Data!$A:$A,Inputs!$B$6,Partner_Data!$C:$C,$A13)/SUMIFS(Partner_Data!$K:$K,Partner_Data!$A:$A,Inputs!$B$6,Partner_Data!$C:$C,$A13),0))*SUMIFS(Partner_Data!$D:$D,Partner_Data!$A:$A,Inputs!$B$6,Partner_Data!$C:$C,$A13)/(SUMIFS(Partner_Data!$E:$E,Partner_Data!$A:$A,Inputs!$B$6,Partner_Data!$C:$C,$A13)*(IFERROR(SUMIFS(Partner_Data!$F:$F,Partner_Data!$A:$A,"C04",Partner_Data!$C:$C,$A13)/SUMIFS(Partner_Data!$E:$E,Partner_Data!$A:$A,"C04",Partner_Data!$C:$C,$A13),0)-$B13)),"n/a"))) -> 1109.6583 | G13: =IF(Inputs!$B$6="C05","—",IF(IFERROR(SUMIFS(Partner_Data!$F:$F,Partner_Data!$A:$A,"C05",Partner_Data!$C:$C,$A13)/SUMIFS(Partner_Data!$E:$E,Partner_Data!$A:$A,"C05",Partner_Data!$C:$C,$A13),0)-$B13<=0,"No gain",IFERROR((IFERROR(SUMIFS(Partner_Data!$L:$L,Partner_Data!$A:$A,"C05",Partner_Data!$C:$C,$A13)/SUMIFS(Partner_Data!$K:$K,Partner_Data!$A:$A,"C05",Partner_Data!$C:$C,$A13),0)*(1+Inputs!$B$9)-IFERROR(SUMIFS(Partner_Data!$L:$L,Partner_Data!$A:$A,Inputs!$B$6,Partner_Data!$C:$C,$A13)/SUMIFS(Partner_Data!$K:$K,Partner_Data!$A:$A,Inputs!$B$6,Partner_Data!$C:$C,$A13),0))*SUMIFS(Partner_Data!$D:$D,Partner_Data!$A:$A,Inputs!$B$6,Partner_Data!$C:$C,$A13)/(SUMIFS(Partner_Data!$E:$E,Partner_Data!$A:$A,Inputs!$B$6,Partner_Data!$C:$C,$A13)*(IFERROR(SUMIFS(Partner_Data!$F:$F,Partner_Data!$A:$A,"C05",Partner_Data!$C:$C,$A13)/SUMIFS(Partner_Data!$E:$E,Partner_Data!$A:$A,"C05",Partner_Data!$C:$C,$A13),0)-$B13)),"n/a"))) -> 248.52194
A14: All emirates | B14: =IFERROR(SUMIFS(Partner_Data!$F:$F,Partner_Data!$A:$A,Inputs!$B$6,Partner_Data!$C:$C,$A14)/SUMIFS(Partner_Data!$E:$E,Partner_Data!$A:$A,Inputs!$B$6,Partner_Data!$C:$C,$A14),0) -> 0.78468131 | C14: =IF(Inputs!$B$6="C01","—",IF(IFERROR(SUMIFS(Partner_Data!$F:$F,Partner_Data!$A:$A,"C01",Partner_Data!$C:$C,$A14)/SUMIFS(Partner_Data!$E:$E,Partner_Data!$A:$A,"C01",Partner_Data!$C:$C,$A14),0)-$B14<=0,"No gain",IFERROR((IFERROR(SUMIFS(Partner_Data!$L:$L,Partner_Data!$A:$A,"C01",Partner_Data!$C:$C,$A14)/SUMIFS(Partner_Data!$K:$K,Partner_Data!$A:$A,"C01",Partner_Data!$C:$C,$A14),0)*(1+Inputs!$B$9)-IFERROR(SUMIFS(Partner_Data!$L:$L,Partner_Data!$A:$A,Inputs!$B$6,Partner_Data!$C:$C,$A14)/SUMIFS(Partner_Data!$K:$K,Partner_Data!$A:$A,Inputs!$B$6,Partner_Data!$C:$C,$A14),0))*SUMIFS(Partner_Data!$D:$D,Partner_Data!$A:$A,Inputs!$B$6,Partner_Data!$C:$C,$A14)/(SUMIFS(Partner_Data!$E:$E,Partner_Data!$A:$A,Inputs!$B$6,Partner_Data!$C:$C,$A14)*(IFERROR(SUMIFS(Partner_Data!$F:$F,Partner_Data!$A:$A,"C01",Partner_Data!$C:$C,$A14)/SUMIFS(Partner_Data!$E:$E,Partner_Data!$A:$A,"C01",Partner_Data!$C:$C,$A14),0)-$B14)),"n/a"))) -> 100.66935 | D14: =IF(Inputs!$B$6="C02","—",IF(IFERROR(SUMIFS(Partner_Data!$F:$F,Partner_Data!$A:$A,"C02",Partner_Data!$C:$C,$A14)/SUMIFS(Partner_Data!$E:$E,Partner_Data!$A:$A,"C02",Partner_Data!$C:$C,$A14),0)-$B14<=0,"No gain",IFERROR((IFERROR(SUMIFS(Partner_Data!$L:$L,Partner_Data!$A:$A,"C02",Partner_Data!$C:$C,$A14)/SUMIFS(Partner_Data!$K:$K,Partner_Data!$A:$A,"C02",Partner_Data!$C:$C,$A14),0)*(1+Inputs!$B$9)-IFERROR(SUMIFS(Partner_Data!$L:$L,Partner_Data!$A:$A,Inputs!$B$6,Partner_Data!$C:$C,$A14)/SUMIFS(Partner_Data!$K:$K,Partner_Data!$A:$A,Inputs!$B$6,Partner_Data!$C:$C,$A14),0))*SUMIFS(Partner_Data!$D:$D,Partner_Data!$A:$A,Inputs!$B$6,Partner_Data!$C:$C,$A14)/(SUMIFS(Partner_Data!$E:$E,Partner_Data!$A:$A,Inputs!$B$6,Partner_Data!$C:$C,$A14)*(IFERROR(SUMIFS(Partner_Data!$F:$F,Partner_Data!$A:$A,"C02",Partner_Data!$C:$C,$A14)/SUMIFS(Partner_Data!$E:$E,Partner_Data!$A:$A,"C02",Partner_Data!$C:$C,$A14),0)-$B14)),"n/a"))) -> 69.834441 | E14: =IF(Inputs!$B$6="C03","—",IF(IFERROR(SUMIFS(Partner_Data!$F:$F,Partner_Data!$A:$A,"C03",Partner_Data!$C:$C,$A14)/SUMIFS(Partner_Data!$E:$E,Partner_Data!$A:$A,"C03",Partner_Data!$C:$C,$A14),0)-$B14<=0,"No gain",IFERROR((IFERROR(SUMIFS(Partner_Data!$L:$L,Partner_Data!$A:$A,"C03",Partner_Data!$C:$C,$A14)/SUMIFS(Partner_Data!$K:$K,Partner_Data!$A:$A,"C03",Partner_Data!$C:$C,$A14),0)*(1+Inputs!$B$9)-IFERROR(SUMIFS(Partner_Data!$L:$L,Partner_Data!$A:$A,Inputs!$B$6,Partner_Data!$C:$C,$A14)/SUMIFS(Partner_Data!$K:$K,Partner_Data!$A:$A,Inputs!$B$6,Partner_Data!$C:$C,$A14),0))*SUMIFS(Partner_Data!$D:$D,Partner_Data!$A:$A,Inputs!$B$6,Partner_Data!$C:$C,$A14)/(SUMIFS(Partner_Data!$E:$E,Partner_Data!$A:$A,Inputs!$B$6,Partner_Data!$C:$C,$A14)*(IFERROR(SUMIFS(Partner_Data!$F:$F,Partner_Data!$A:$A,"C03",Partner_Data!$C:$C,$A14)/SUMIFS(Partner_Data!$E:$E,Partner_Data!$A:$A,"C03",Partner_Data!$C:$C,$A14),0)-$B14)),"n/a"))) -> — | F14: =IF(Inputs!$B$6="C04","—",IF(IFERROR(SUMIFS(Partner_Data!$F:$F,Partner_Data!$A:$A,"C04",Partner_Data!$C:$C,$A14)/SUMIFS(Partner_Data!$E:$E,Partner_Data!$A:$A,"C04",Partner_Data!$C:$C,$A14),0)-$B14<=0,"No gain",IFERROR((IFERROR(SUMIFS(Partner_Data!$L:$L,Partner_Data!$A:$A,"C04",Partner_Data!$C:$C,$A14)/SUMIFS(Partner_Data!$K:$K,Partner_Data!$A:$A,"C04",Partner_Data!$C:$C,$A14),0)*(1+Inputs!$B$9)-IFERROR(SUMIFS(Partner_Data!$L:$L,Partner_Data!$A:$A,Inputs!$B$6,Partner_Data!$C:$C,$A14)/SUMIFS(Partner_Data!$K:$K,Partner_Data!$A:$A,Inputs!$B$6,Partner_Data!$C:$C,$A14),0))*SUMIFS(Partner_Data!$D:$D,Partner_Data!$A:$A,Inputs!$B$6,Partner_Data!$C:$C,$A14)/(SUMIFS(Partner_Data!$E:$E,Partner_Data!$A:$A,Inputs!$B$6,Partner_Data!$C:$C,$A14)*(IFERROR(SUMIFS(Partner_Data!$F:$F,Partner_Data!$A:$A,"C04",Partner_Data!$C:$C,$A14)/SUMIFS(Partner_Data!$E:$E,Partner_Data!$A:$A,"C04",Partner_Data!$C:$C,$A14),0)-$B14)),"n/a"))) -> 68.879365 | G14: =IF(Inputs!$B$6="C05","—",IF(IFERROR(SUMIFS(Partner_Data!$F:$F,Partner_Data!$A:$A,"C05",Partner_Data!$C:$C,$A14)/SUMIFS(Partner_Data!$E:$E,Partner_Data!$A:$A,"C05",Partner_Data!$C:$C,$A14),0)-$B14<=0,"No gain",IFERROR((IFERROR(SUMIFS(Partner_Data!$L:$L,Partner_Data!$A:$A,"C05",Partner_Data!$C:$C,$A14)/SUMIFS(Partner_Data!$K:$K,Partner_Data!$A:$A,"C05",Partner_Data!$C:$C,$A14),0)*(1+Inputs!$B$9)-IFERROR(SUMIFS(Partner_Data!$L:$L,Partner_Data!$A:$A,Inputs!$B$6,Partner_Data!$C:$C,$A14)/SUMIFS(Partner_Data!$K:$K,Partner_Data!$A:$A,Inputs!$B$6,Partner_Data!$C:$C,$A14),0))*SUMIFS(Partner_Data!$D:$D,Partner_Data!$A:$A,Inputs!$B$6,Partner_Data!$C:$C,$A14)/(SUMIFS(Partner_Data!$E:$E,Partner_Data!$A:$A,Inputs!$B$6,Partner_Data!$C:$C,$A14)*(IFERROR(SUMIFS(Partner_Data!$F:$F,Partner_Data!$A:$A,"C05",Partner_Data!$C:$C,$A14)/SUMIFS(Partner_Data!$E:$E,Partner_Data!$A:$A,"C05",Partner_Data!$C:$C,$A14),0)-$B14)),"n/a"))) -> 84.760597
A16: Sample sizes (delivered shipments with a valid date). Cells below the Inputs minimum are shaded orange.
A17: Route | B17: Current delivered | C17: C01 delivered | D17: C02 delivered | E17: C03 delivered | F17: C04 delivered | G17: C05 delivered
A18: Abu Dhabi | B18: =SUMIFS(Partner_Data!$E:$E,Partner_Data!$A:$A,Inputs!$B$6,Partner_Data!$C:$C,$A18) -> 238 | C18: =SUMIFS(Partner_Data!$E:$E,Partner_Data!$A:$A,"C01",Partner_Data!$C:$C,$A18) -> 625 | D18: =SUMIFS(Partner_Data!$E:$E,Partner_Data!$A:$A,"C02",Partner_Data!$C:$C,$A18) -> 359 | E18: =SUMIFS(Partner_Data!$E:$E,Partner_Data!$A:$A,"C03",Partner_Data!$C:$C,$A18) -> 238 | F18: =SUMIFS(Partner_Data!$E:$E,Partner_Data!$A:$A,"C04",Partner_Data!$C:$C,$A18) -> 494 | G18: =SUMIFS(Partner_Data!$E:$E,Partner_Data!$A:$A,"C05",Partner_Data!$C:$C,$A18) -> 294
A19: Ajman | B19: =SUMIFS(Partner_Data!$E:$E,Partner_Data!$A:$A,Inputs!$B$6,Partner_Data!$C:$C,$A19) -> 169 | C19: =SUMIFS(Partner_Data!$E:$E,Partner_Data!$A:$A,"C01",Partner_Data!$C:$C,$A19) -> 104 | D19: =SUMIFS(Partner_Data!$E:$E,Partner_Data!$A:$A,"C02",Partner_Data!$C:$C,$A19) -> 122 | E19: =SUMIFS(Partner_Data!$E:$E,Partner_Data!$A:$A,"C03",Partner_Data!$C:$C,$A19) -> 169 | F19: =SUMIFS(Partner_Data!$E:$E,Partner_Data!$A:$A,"C04",Partner_Data!$C:$C,$A19) -> 80 | G19: =SUMIFS(Partner_Data!$E:$E,Partner_Data!$A:$A,"C05",Partner_Data!$C:$C,$A19) -> 109
A20: Dubai | B20: =SUMIFS(Partner_Data!$E:$E,Partner_Data!$A:$A,Inputs!$B$6,Partner_Data!$C:$C,$A20) -> 710 | C20: =SUMIFS(Partner_Data!$E:$E,Partner_Data!$A:$A,"C01",Partner_Data!$C:$C,$A20) -> 968 | D20: =SUMIFS(Partner_Data!$E:$E,Partner_Data!$A:$A,"C02",Partner_Data!$C:$C,$A20) -> 769 | E20: =SUMIFS(Partner_Data!$E:$E,Partner_Data!$A:$A,"C03",Partner_Data!$C:$C,$A20) -> 710 | F20: =SUMIFS(Partner_Data!$E:$E,Partner_Data!$A:$A,"C04",Partner_Data!$C:$C,$A20) -> 379 | G20: =SUMIFS(Partner_Data!$E:$E,Partner_Data!$A:$A,"C05",Partner_Data!$C:$C,$A20) -> 466
A21: Fujairah | B21: =SUMIFS(Partner_Data!$E:$E,Partner_Data!$A:$A,Inputs!$B$6,Partner_Data!$C:$C,$A21) -> 89 | C21: =SUMIFS(Partner_Data!$E:$E,Partner_Data!$A:$A,"C01",Partner_Data!$C:$C,$A21) -> 56 | D21: =SUMIFS(Partner_Data!$E:$E,Partner_Data!$A:$A,"C02",Partner_Data!$C:$C,$A21) -> 71 | E21: =SUMIFS(Partner_Data!$E:$E,Partner_Data!$A:$A,"C03",Partner_Data!$C:$C,$A21) -> 89 | F21: =SUMIFS(Partner_Data!$E:$E,Partner_Data!$A:$A,"C04",Partner_Data!$C:$C,$A21) -> 50 | G21: =SUMIFS(Partner_Data!$E:$E,Partner_Data!$A:$A,"C05",Partner_Data!$C:$C,$A21) -> 49
A22: Ras Al Khaimah | B22: =SUMIFS(Partner_Data!$E:$E,Partner_Data!$A:$A,Inputs!$B$6,Partner_Data!$C:$C,$A22) -> 140 | C22: =SUMIFS(Partner_Data!$E:$E,Partner_Data!$A:$A,"C01",Partner_Data!$C:$C,$A22) -> 87 | D22: =SUMIFS(Partner_Data!$E:$E,Partner_Data!$A:$A,"C02",Partner_Data!$C:$C,$A22) -> 123 | E22: =SUMIFS(Partner_Data!$E:$E,Partner_Data!$A:$A,"C03",Partner_Data!$C:$C,$A22) -> 140 | F22: =SUMIFS(Partner_Data!$E:$E,Partner_Data!$A:$A,"C04",Partner_Data!$C:$C,$A22) -> 71 | G22: =SUMIFS(Partner_Data!$E:$E,Partner_Data!$A:$A,"C05",Partner_Data!$C:$C,$A22) -> 79
A23: Sharjah | B23: =SUMIFS(Partner_Data!$E:$E,Partner_Data!$A:$A,Inputs!$B$6,Partner_Data!$C:$C,$A23) -> 449 | C23: =SUMIFS(Partner_Data!$E:$E,Partner_Data!$A:$A,"C01",Partner_Data!$C:$C,$A23) -> 281 | D23: =SUMIFS(Partner_Data!$E:$E,Partner_Data!$A:$A,"C02",Partner_Data!$C:$C,$A23) -> 354 | E23: =SUMIFS(Partner_Data!$E:$E,Partner_Data!$A:$A,"C03",Partner_Data!$C:$C,$A23) -> 449 | F23: =SUMIFS(Partner_Data!$E:$E,Partner_Data!$A:$A,"C04",Partner_Data!$C:$C,$A23) -> 209 | G23: =SUMIFS(Partner_Data!$E:$E,Partner_Data!$A:$A,"C05",Partner_Data!$C:$C,$A23) -> 249
A24: Umm Al Quwain | B24: =SUMIFS(Partner_Data!$E:$E,Partner_Data!$A:$A,Inputs!$B$6,Partner_Data!$C:$C,$A24) -> 72 | C24: =SUMIFS(Partner_Data!$E:$E,Partner_Data!$A:$A,"C01",Partner_Data!$C:$C,$A24) -> 47 | D24: =SUMIFS(Partner_Data!$E:$E,Partner_Data!$A:$A,"C02",Partner_Data!$C:$C,$A24) -> 48 | E24: =SUMIFS(Partner_Data!$E:$E,Partner_Data!$A:$A,"C03",Partner_Data!$C:$C,$A24) -> 72 | F24: =SUMIFS(Partner_Data!$E:$E,Partner_Data!$A:$A,"C04",Partner_Data!$C:$C,$A24) -> 31 | G24: =SUMIFS(Partner_Data!$E:$E,Partner_Data!$A:$A,"C05",Partner_Data!$C:$C,$A24) -> 47
A25: All emirates | B25: =SUMIFS(Partner_Data!$E:$E,Partner_Data!$A:$A,Inputs!$B$6,Partner_Data!$C:$C,$A25) -> 1867 | C25: =SUMIFS(Partner_Data!$E:$E,Partner_Data!$A:$A,"C01",Partner_Data!$C:$C,$A25) -> 2168 | D25: =SUMIFS(Partner_Data!$E:$E,Partner_Data!$A:$A,"C02",Partner_Data!$C:$C,$A25) -> 1846 | E25: =SUMIFS(Partner_Data!$E:$E,Partner_Data!$A:$A,"C03",Partner_Data!$C:$C,$A25) -> 1867 | F25: =SUMIFS(Partner_Data!$E:$E,Partner_Data!$A:$A,"C04",Partner_Data!$C:$C,$A25) -> 1314 | G25: =SUMIFS(Partner_Data!$E:$E,Partner_Data!$A:$A,"C05",Partner_Data!$C:$C,$A25) -> 1293
A27: Green = within the cost threshold on Inputs; red = above it. Check the sample table before recommending a small-sample cell.

Sheet Decision
A1: Business decision (updates with Inputs)
A4: 1. Finding | B4: ="Finding: "&IF(Model!$B$5="All emirates","across all emirates","in "&Model!$B$5)&", "&Model!$B$6&" ("&Inputs!$B$17&")"&" delivered "&TEXT(Model!$B$15,"0.0%")&" of shipments on time, against "&TEXT(Model!$B$22,"0.0%")&" for "&Model!$B$7&" ("&Inputs!$B$18&")"&" and a route average of "&TEXT(Model!$B$30,"0.0%")&" (company average "&TEXT(Model!$B$33,"0.0%")&")." -> Finding: in Ras Al Khaimah, C03 (CityHop Riders) delivered 69.3% of shipments on time, against 87.8% for C02 (DesertLink Express) and a route average of 82.0% (company average 85.4%).
A5: 2. Why it matters | B5: ="Why it matters: moving "&TEXT(Model!$B$8,"0%")&" of this volume ("&TEXT(Model!$B$36,"#,##0")&" shipments a year) is estimated to add "&TEXT(Model!$B$39,"#,##0")&" on-time deliveries a year and lift route on-time from "&TEXT(Model!$B$30,"0.0%")&" to "&TEXT(Model!$B$40,"0.0%")&", "&IF(Model!$B$45>=0,"costing an extra AED ","saving AED ")&TEXT(ABS(Model!$B$46),"#,##0")&" a month"&IF(ISNUMBER(Model!$B$47),", or AED "&TEXT(Model!$B$47,"#,##0.00")&" per extra on-time delivery.",".") -> Why it matters: moving 100% of this volume (147 shipments a year) is estimated to add 26 on-time deliveries a year and lift route on-time from 82.0% to 87.2%, costing an extra AED 61 a month, or AED 28.14 per extra on-time delivery.
A6: 3. Recommendation | B6: ="Recommendation: "&IF(LEFT(Model!$B$48,7)="Proceed","move "&TEXT(Model!$B$8,"0%")&" of "&Model!$B$6&"'s "&Model!$B$5&" volume to "&Model!$B$7&", starting with a 3-month pilot and a weekly on-time check. "&Model!$B$48&".","do not make this switch. "&Model!$B$48&". Use Route_Screener to test other options.") -> Recommendation: move 100% of C03's Ras Al Khaimah volume to C02, starting with a 3-month pilot and a weekly on-time check. Proceed: cost per extra on-time delivery is within threshold.
A7: 4. Limitation | B7: ="Limitation: this is a scenario estimate on simulated data. It assumes "&Model!$B$7&" keeps its current on-time rate and price when it takes extra volume, and shows association, not causation. "&IF(Model!$B$25="OK","","Sample warning: at least one rate is based on fewer than "&Inputs!$B$13&" delivered shipments. ")&IF(ISNUMBER(Model!$B$53),"Reaching the "&TEXT(Model!$B$51,"0%")&" target on this route needs "&TEXT(Model!$B$53,"0%")&" of the volume moved.","Target check: "&Model!$B$53&" (maximum "&TEXT(Model!$B$52,"0.0%")&").") -> Limitation: this is a scenario estimate on simulated data. It assumes C02 keeps its current on-time rate and price when it takes extra volume, and shows association, not causation. Target check: Not achievable with this switch alone (maximum 87.2%).
A8: Sensitivity check | B8: ="Sensitivity: "&Scenarios!$B$27 -> Sensitivity: The recommendation changes within ±10% of the alternative partner's price: treat it as marginal.

Sheet KPI_Baseline
A1: KPI_Baseline — current state, 2025
A4: KPI | B4: Company | C4: Definition
A5: Shipments | B5: =SUMIFS(Partner_Data!$D:$D,Partner_Data!$C:$C,"All emirates") -> 8802 | C5: All shipments after removing duplicates
A6: On-time delivery % | B6: =IFERROR(SUMIFS(Partner_Data!$F:$F,Partner_Data!$C:$C,"All emirates")/SUMIFS(Partner_Data!$E:$E,Partner_Data!$C:$C,"All emirates"),0) -> 0.8539114 | C6: On-time delivered ÷ delivered with a valid date
A7: Average delay (days, late only) | B7: =IFERROR(SUMIFS(Partner_Data!$H:$H,Partner_Data!$C:$C,"All emirates")/SUMIFS(Partner_Data!$G:$G,Partner_Data!$C:$C,"All emirates"),0) -> 1.5943548 | C7: Mean of actual − promised days for late deliveries
A8: Cost per shipment (AED) | B8: =IFERROR(SUMIFS(Partner_Data!$L:$L,Partner_Data!$C:$C,"All emirates")/SUMIFS(Partner_Data!$K:$K,Partner_Data!$C:$C,"All emirates"),0) -> 27.672125 | C8: Total cost ÷ shipments with a recorded cost
A9: Cost per kg (AED) | B9: =IFERROR(SUMIFS(Partner_Data!$M:$M,Partner_Data!$C:$C,"All emirates")/SUMIFS(Partner_Data!$N:$N,Partner_Data!$C:$C,"All emirates"),0) -> 10.759785 | C9: Total cost ÷ total weight (rows with both)
A10: Return / loss rate | B10: =IFERROR((SUMIFS(Partner_Data!$I:$I,Partner_Data!$C:$C,"All emirates")+SUMIFS(Partner_Data!$J:$J,Partner_Data!$C:$C,"All emirates"))/SUMIFS(Partner_Data!$D:$D,Partner_Data!$C:$C,"All emirates"),0) -> 0.034083163 | C10: Returned or lost ÷ all shipments
A13: Partner | B13: Name | C13: Shipments | D13: On-time % | E13: Avg delay (days) | F13: Cost / shipment (AED) | G13: Return / loss rate
A14: C01 | B14: =INDEX(Lists!$C$4:$C$8,MATCH($A14,Lists!$B$4:$B$8,0)) -> Falcon Fleet | C14: =SUMIFS(Partner_Data!$D:$D,Partner_Data!$A:$A,$A14,Partner_Data!$C:$C,"All emirates") -> 2223 | D14: =IFERROR(SUMIFS(Partner_Data!$F:$F,Partner_Data!$A:$A,$A14,Partner_Data!$C:$C,"All emirates")/SUMIFS(Partner_Data!$E:$E,Partner_Data!$A:$A,$A14,Partner_Data!$C:$C,"All emirates"),0) -> 0.89437269 | E14: =IFERROR(SUMIFS(Partner_Data!$H:$H,Partner_Data!$A:$A,$A14,Partner_Data!$C:$C,"All emirates")/SUMIFS(Partner_Data!$G:$G,Partner_Data!$A:$A,$A14,Partner_Data!$C:$C,"All emirates"),0) -> 1.6157205 | F14: =IFERROR(SUMIFS(Partner_Data!$L:$L,Partner_Data!$A:$A,$A14,Partner_Data!$C:$C,"All emirates")/SUMIFS(Partner_Data!$K:$K,Partner_Data!$A:$A,$A14,Partner_Data!$C:$C,"All emirates"),0) -> 32.537291 | G14: =IFERROR((SUMIFS(Partner_Data!$I:$I,Partner_Data!$A:$A,$A14,Partner_Data!$C:$C,"All emirates")+SUMIFS(Partner_Data!$J:$J,Partner_Data!$A:$A,$A14,Partner_Data!$C:$C,"All emirates"))/SUMIFS(Partner_Data!$D:$D,Partner_Data!$A:$A,$A14,Partner_Data!$C:$C,"All emirates"),0) -> 0.024291498
A15: C02 | B15: =INDEX(Lists!$C$4:$C$8,MATCH($A15,Lists!$B$4:$B$8,0)) -> DesertLink Express | C15: =SUMIFS(Partner_Data!$D:$D,Partner_Data!$A:$A,$A15,Partner_Data!$C:$C,"All emirates") -> 1903 | D15: =IFERROR(SUMIFS(Partner_Data!$F:$F,Partner_Data!$A:$A,$A15,Partner_Data!$C:$C,"All emirates")/SUMIFS(Partner_Data!$E:$E,Partner_Data!$A:$A,$A15,Partner_Data!$C:$C,"All emirates"),0) -> 0.86944745 | E15: =IFERROR(SUMIFS(Partner_Data!$H:$H,Partner_Data!$A:$A,$A15,Partner_Data!$C:$C,"All emirates")/SUMIFS(Partner_Data!$G:$G,Partner_Data!$A:$A,$A15,Partner_Data!$C:$C,"All emirates"),0) -> 1.5477178 | F15: =IFERROR(SUMIFS(Partner_Data!$L:$L,Partner_Data!$A:$A,$A15,Partner_Data!$C:$C,"All emirates")/SUMIFS(Partner_Data!$K:$K,Partner_Data!$A:$A,$A15,Partner_Data!$C:$C,"All emirates"),0) -> 27.74542 | G15: =IFERROR((SUMIFS(Partner_Data!$I:$I,Partner_Data!$A:$A,$A15,Partner_Data!$C:$C,"All emirates")+SUMIFS(Partner_Data!$J:$J,Partner_Data!$A:$A,$A15,Partner_Data!$C:$C,"All emirates"))/SUMIFS(Partner_Data!$D:$D,Partner_Data!$A:$A,$A15,Partner_Data!$C:$C,"All emirates"),0) -> 0.027325276
A16: C03 | B16: =INDEX(Lists!$C$4:$C$8,MATCH($A16,Lists!$B$4:$B$8,0)) -> CityHop Riders | C16: =SUMIFS(Partner_Data!$D:$D,Partner_Data!$A:$A,$A16,Partner_Data!$C:$C,"All emirates") -> 1996 | D16: =IFERROR(SUMIFS(Partner_Data!$F:$F,Partner_Data!$A:$A,$A16,Partner_Data!$C:$C,"All emirates")/SUMIFS(Partner_Data!$E:$E,Partner_Data!$A:$A,$A16,Partner_Data!$C:$C,"All emirates"),0) -> 0.78468131 | E16: =IFERROR(SUMIFS(Partner_Data!$H:$H,Partner_Data!$A:$A,$A16,Partner_Data!$C:$C,"All emirates")/SUMIFS(Partner_Data!$G:$G,Partner_Data!$A:$A,$A16,Partner_Data!$C:$C,"All emirates"),0) -> 1.5472637 | F16: =IFERROR(SUMIFS(Partner_Data!$L:$L,Partner_Data!$A:$A,$A16,Partner_Data!$C:$C,"All emirates")/SUMIFS(Partner_Data!$K:$K,Partner_Data!$A:$A,$A16,Partner_Data!$C:$C,"All emirates"),0) -> 22.208402 | G16: =IFERROR((SUMIFS(Partner_Data!$I:$I,Partner_Data!$A:$A,$A16,Partner_Data!$C:$C,"All emirates")+SUMIFS(Partner_Data!$J:$J,Partner_Data!$A:$A,$A16,Partner_Data!$C:$C,"All emirates"))/SUMIFS(Partner_Data!$D:$D,Partner_Data!$A:$A,$A16,Partner_Data!$C:$C,"All emirates"),0) -> 0.063627255
A17: C04 | B17: =INDEX(Lists!$C$4:$C$8,MATCH($A17,Lists!$B$4:$B$8,0)) -> Gulf Route Logistics | C17: =SUMIFS(Partner_Data!$D:$D,Partner_Data!$A:$A,$A17,Partner_Data!$C:$C,"All emirates") -> 1351 | D17: =IFERROR(SUMIFS(Partner_Data!$F:$F,Partner_Data!$A:$A,$A17,Partner_Data!$C:$C,"All emirates")/SUMIFS(Partner_Data!$E:$E,Partner_Data!$A:$A,$A17,Partner_Data!$C:$C,"All emirates"),0) -> 0.84170472 | E17: =IFERROR(SUMIFS(Partner_Data!$H:$H,Partner_Data!$A:$A,$A17,Partner_Data!$C:$C,"All emirates")/SUMIFS(Partner_Data!$G:$G,Partner_Data!$A:$A,$A17,Partner_Data!$C:$C,"All emirates"),0) -> 1.6201923 | F17: =IFERROR(SUMIFS(Partner_Data!$L:$L,Partner_Data!$A:$A,$A17,Partner_Data!$C:$C,"All emirates")/SUMIFS(Partner_Data!$K:$K,Partner_Data!$A:$A,$A17,Partner_Data!$C:$C,"All emirates"),0) -> 25.882292 | G17: =IFERROR((SUMIFS(Partner_Data!$I:$I,Partner_Data!$A:$A,$A17,Partner_Data!$C:$C,"All emirates")+SUMIFS(Partner_Data!$J:$J,Partner_Data!$A:$A,$A17,Partner_Data!$C:$C,"All emirates"))/SUMIFS(Partner_Data!$D:$D,Partner_Data!$A:$A,$A17,Partner_Data!$C:$C,"All emirates"),0) -> 0.025166543
A18: C05 | B18: =INDEX(Lists!$C$4:$C$8,MATCH($A18,Lists!$B$4:$B$8,0)) -> Oasis Couriers | C18: =SUMIFS(Partner_Data!$D:$D,Partner_Data!$A:$A,$A18,Partner_Data!$C:$C,"All emirates") -> 1329 | D18: =IFERROR(SUMIFS(Partner_Data!$F:$F,Partner_Data!$A:$A,$A18,Partner_Data!$C:$C,"All emirates")/SUMIFS(Partner_Data!$E:$E,Partner_Data!$A:$A,$A18,Partner_Data!$C:$C,"All emirates"),0) -> 0.87625677 | E18: =IFERROR(SUMIFS(Partner_Data!$H:$H,Partner_Data!$A:$A,$A18,Partner_Data!$C:$C,"All emirates")/SUMIFS(Partner_Data!$G:$G,Partner_Data!$A:$A,$A18,Partner_Data!$C:$C,"All emirates"),0) -> 1.71875 | F18: =IFERROR(SUMIFS(Partner_Data!$L:$L,Partner_Data!$A:$A,$A18,Partner_Data!$C:$C,"All emirates")/SUMIFS(Partner_Data!$K:$K,Partner_Data!$A:$A,$A18,Partner_Data!$C:$C,"All emirates"),0) -> 29.468741 | G18: =IFERROR((SUMIFS(Partner_Data!$I:$I,Partner_Data!$A:$A,$A18,Partner_Data!$C:$C,"All emirates")+SUMIFS(Partner_Data!$J:$J,Partner_Data!$A:$A,$A18,Partner_Data!$C:$C,"All emirates"))/SUMIFS(Partner_Data!$D:$D,Partner_Data!$A:$A,$A18,Partner_Data!$C:$C,"All emirates"),0) -> 0.0248307
A21: Emirate | B21: Shipments | C21: On-time % | D21: Cost / shipment (AED)
A22: Abu Dhabi | B22: =SUMIFS(Partner_Data!$D:$D,Partner_Data!$C:$C,$A22) -> 2077 | C22: =IFERROR(SUMIFS(Partner_Data!$F:$F,Partner_Data!$C:$C,$A22)/SUMIFS(Partner_Data!$E:$E,Partner_Data!$C:$C,$A22),0) -> 0.860199 | D22: =IFERROR(SUMIFS(Partner_Data!$L:$L,Partner_Data!$C:$C,$A22)/SUMIFS(Partner_Data!$K:$K,Partner_Data!$C:$C,$A22),0) -> 28.634656
A23: Ajman | B23: =SUMIFS(Partner_Data!$D:$D,Partner_Data!$C:$C,$A23) -> 603 | C23: =IFERROR(SUMIFS(Partner_Data!$F:$F,Partner_Data!$C:$C,$A23)/SUMIFS(Partner_Data!$E:$E,Partner_Data!$C:$C,$A23),0) -> 0.8510274 | D23: =IFERROR(SUMIFS(Partner_Data!$L:$L,Partner_Data!$C:$C,$A23)/SUMIFS(Partner_Data!$K:$K,Partner_Data!$C:$C,$A23),0) -> 26.694391
A24: Dubai | B24: =SUMIFS(Partner_Data!$D:$D,Partner_Data!$C:$C,$A24) -> 3414 | C24: =IFERROR(SUMIFS(Partner_Data!$F:$F,Partner_Data!$C:$C,$A24)/SUMIFS(Partner_Data!$E:$E,Partner_Data!$C:$C,$A24),0) -> 0.86269745 | D24: =IFERROR(SUMIFS(Partner_Data!$L:$L,Partner_Data!$C:$C,$A24)/SUMIFS(Partner_Data!$K:$K,Partner_Data!$C:$C,$A24),0) -> 27.379179
A25: Fujairah | B25: =SUMIFS(Partner_Data!$D:$D,Partner_Data!$C:$C,$A25) -> 330 | C25: =IFERROR(SUMIFS(Partner_Data!$F:$F,Partner_Data!$C:$C,$A25)/SUMIFS(Partner_Data!$E:$E,Partner_Data!$C:$C,$A25),0) -> 0.82539683 | D25: =IFERROR(SUMIFS(Partner_Data!$L:$L,Partner_Data!$C:$C,$A25)/SUMIFS(Partner_Data!$K:$K,Partner_Data!$C:$C,$A25),0) -> 28.486677
A26: Ras Al Khaimah | B26: =SUMIFS(Partner_Data!$D:$D,Partner_Data!$C:$C,$A26) -> 518 | C26: =IFERROR(SUMIFS(Partner_Data!$F:$F,Partner_Data!$C:$C,$A26)/SUMIFS(Partner_Data!$E:$E,Partner_Data!$C:$C,$A26),0) -> 0.82 | D26: =IFERROR(SUMIFS(Partner_Data!$L:$L,Partner_Data!$C:$C,$A26)/SUMIFS(Partner_Data!$K:$K,Partner_Data!$C:$C,$A26),0) -> 29.072326
A27: Sharjah | B27: =SUMIFS(Partner_Data!$D:$D,Partner_Data!$C:$C,$A27) -> 1606 | C27: =IFERROR(SUMIFS(Partner_Data!$F:$F,Partner_Data!$C:$C,$A27)/SUMIFS(Partner_Data!$E:$E,Partner_Data!$C:$C,$A27),0) -> 0.84306096 | D27: =IFERROR(SUMIFS(Partner_Data!$L:$L,Partner_Data!$C:$C,$A27)/SUMIFS(Partner_Data!$K:$K,Partner_Data!$C:$C,$A27),0) -> 26.720208
A28: Umm Al Quwain | B28: =SUMIFS(Partner_Data!$D:$D,Partner_Data!$C:$C,$A28) -> 254 | C28: =IFERROR(SUMIFS(Partner_Data!$F:$F,Partner_Data!$C:$C,$A28)/SUMIFS(Partner_Data!$E:$E,Partner_Data!$C:$C,$A28),0) -> 0.86530612 | D28: =IFERROR(SUMIFS(Partner_Data!$L:$L,Partner_Data!$C:$C,$A28)/SUMIFS(Partner_Data!$K:$K,Partner_Data!$C:$C,$A28),0) -> 28.157708

Sheet Data_Quality
A1: Data_Quality — scorecard
A2: Counts from the SQL data-quality step. Check they match your own SQL results. | B2: Counts from the current SQL data-quality step. These should match the SQL output used for Partner_Data.
A4: Check | B4: Rows affected | C4: Action | D4: Reason
A5: Raw rows loaded | B5: 8920 | C5: — | D5: Starting point
A6: Exact duplicate rows | B6: 118 | C6: Removed | D6: Same shipment recorded twice would double-count volume and cost
A7: Non-standard emirate names (codes, spelling, case, spaces) | B7: 572 | C7: Standardised to 7 official names | D7: DXB, dubai, 'Dubai ' etc. would split one emirate into several groups
A8: Missing weight_kg | B8: 184 | C8: Kept; excluded from cost per kg only | D8: Row is still a valid shipment for volume, on-time and cost per shipment
A9: shipping_cost_aed = 0 | B9: 96 | C9: Treated as missing; excluded from cost averages | D9: A delivered shipment cannot cost zero; including zeros would understate cost
A10: Delivered date before dispatch date | B10: 14 | C10: Kept for volume and cost; excluded from on-time KPIs | D10: Likely data-entry error; true delivery time is unknown
A11: Returned / lost with no delivered date | B11: 300 | C11: Expected; excluded from on-time denominator | D11: Not an error: these shipments were never delivered
A12: Clean rows for analysis | B12: 8802 | C12: — | D12: After removing duplicates

Sheet Partner_Data
A1: Partner_Data — aggregated SQL output (clean view)
A2: One row per delivery partner × emirate, plus an 'All emirates' row per partner. Values pasted from SQL; do not edit.
A4: carrier_id | B4: carrier_name | C4: emirate | D4: shipments | E4: delivered_valid | F4: on_time | G4: late | H4: late_days_sum | I4: returned | J4: lost | K4: cost_rows | L4: cost_sum_aed | M4: kg_cost_sum_aed | N4: kg_weight_sum
A5: C01 | B5: Falcon Fleet | C5: Abu Dhabi | D5: 638 | E5: 625 | F5: 559 | G5: 66 | H5: 113 | I5: 12 | J5: 0 | K5: 629 | L5: 20731.72 | M5: 20465.32 | N5: 1608.99
A6: C01 | B6: Falcon Fleet | C6: Ajman | D6: 106 | E6: 104 | F6: 96 | G6: 8 | H6: 11 | I6: 1 | J6: 1 | K6: 105 | L6: 3331.37 | M6: 3196.24 | N6: 239.53
A7: C01 | B7: Falcon Fleet | C7: Dubai | D7: 990 | E7: 968 | F7: 865 | G7: 103 | H7: 163 | I7: 18 | J7: 4 | K7: 981 | L7: 31144.23 | M7: 30375.9 | N7: 2494.92
A8: C01 | B8: Falcon Fleet | C8: Fujairah | D8: 58 | E8: 56 | F8: 49 | G8: 7 | H8: 13 | I8: 2 | J8: 0 | K8: 58 | L8: 2087.2 | M8: 2026.43 | N8: 172.01
A9: C01 | B9: Falcon Fleet | C9: Ras Al Khaimah | D9: 93 | E9: 87 | F9: 79 | G9: 8 | H9: 12 | I9: 6 | J9: 0 | K9: 93 | L9: 3289.39 | M9: 3226.37 | N9: 268.46
A10: C01 | B10: Falcon Fleet | C10: Sharjah | D10: 290 | E10: 281 | F10: 249 | G10: 32 | H10: 53 | I10: 8 | J10: 1 | K10: 286 | L10: 9348.2 | M10: 9140.16 | N10: 835.76
A11: C01 | B11: Falcon Fleet | C11: Umm Al Quwain | D11: 48 | E11: 47 | F11: 42 | G11: 5 | H11: 5 | I11: 1 | J11: 0 | K11: 48 | L11: 1649.93 | M11: 1649.93 | N11: 121.48
A12: C01 | B12: Falcon Fleet | C12: All emirates | D12: 2223 | E12: 2168 | F12: 1939 | G12: 229 | H12: 370 | I12: 48 | J12: 6 | K12: 2200 | L12: 71582.04 | M12: 70080.35 | N12: 5741.15
A13: C02 | B13: DesertLink Express | C13: Abu Dhabi | D13: 368 | E13: 359 | F13: 310 | G13: 49 | H13: 76 | I13: 7 | J13: 0 | K13: 366 | L13: 10222.08 | M13: 10029.11 | N13: 882.07
A14: C02 | B14: DesertLink Express | C14: Ajman | D14: 126 | E14: 122 | F14: 102 | G14: 20 | H14: 28 | I14: 4 | J14: 0 | K14: 124 | L14: 3351.27 | M14: 3322.72 | N14: 342.18
A15: C02 | B15: DesertLink Express | C15: Dubai | D15: 791 | E15: 769 | F15: 671 | G15: 98 | H15: 154 | I15: 17 | J15: 3 | K15: 780 | L15: 21386.7 | M15: 20996.6 | N15: 2011.91
A16: C02 | B16: DesertLink Express | C16: Fujairah | D16: 74 | E16: 71 | F16: 61 | G16: 10 | H16: 16 | I16: 1 | J16: 2 | K16: 74 | L16: 2166.42 | M16: 2106.17 | N16: 169.72
... A44: C05 | B44: Oasis Couriers | C44: All emirates | D44: 1329 | E44: 1293 | F44: 1133 | G44: 160 | H44: 275 | I44: 31 | J44: 2 | K44: 1311 | L44: 38633.52 | M44: 37976.62 | N44: 3325.04

Sheet Lists
A1: Lists (dropdown sources)
A3: Routes | B3: Partners | C3: Partner name
A4: All emirates | B4: C01 | C4: Falcon Fleet
A5: Abu Dhabi | B5: C02 | C5: DesertLink Express
A6: Ajman | B6: C03 | C6: CityHop Riders
A7: Dubai | B7: C04 | C7: Gulf Route Logistics
A8: Fujairah | B8: C05 | C8: Oasis Couriers
A9: Ras Al Khaimah
A10: Sharjah
A11: Umm Al Quwain

Sheet Formula_Audit
A1: Formula Audit — Interviewer Check
A3: Input cell | B3: Purpose | C3: Expected behavior
A4: Inputs!B5 | B4: Route | C4: Dropdown; changing it recalculates route metrics
A5: Inputs!B6 | B5: Current partner | C5: Dropdown; changing it recalculates current-partner metrics
A6: Inputs!B7 | B6: Alternative partner | C6: Dropdown; changing it recalculates alternative metrics
A7: Inputs!B8 | B7: % volume moved | C7: 0–100%; drives Model and Scenarios
A8: Inputs!B9 | B8: Alternative cost adjustment | C8: Price change for the alternative partner; tested at ±10% on Scenarios.
A9: Model!B15 | B9: Current route on-time % | C9: Formula from Partner_Data
A10: Model!B22 | B10: Alternative route on-time % | C10: Formula from Partner_Data
A11: Model!B40 | B11: Route on-time after switch | C11: Formula driven by % moved
A12: Model!B45 | B12: Annual cost change | C12: Formula driven by % moved and cost adjustment
A13: Model!B47 | B13: Cost per extra on-time delivery | C13: Formula driven by scenario results
A14: Model!B53 | B14: Target check | C14: Formula determines whether target is achievable
A15: Scenarios!A6:G16 | B15: 0–100% sensitivity | C15: Live formulas; no pasted scenario results
